City_ID,City,Country,Lat,Lng,Max Temp,Humidity,Cloudiness,Wind Speed,Date
0,Yellowknife,CA,62.456,-114.3525,55.92,82,75,1.01,2021-06-04 21:17:03
1,Hilo,US,19.7297,-155.09,83.93,58,20,8.05,2021-06-04 21:21:29
2,Saurimo,AO,-9.6608,20.3916,64.08,48,76,5.53,2021-06-04 21:21:29
3,Georgetown,MY,5.4112,100.3354,81.9,86,20,4.61,2021-06-04 21:18:05
4,Arraial Do Cabo,BR,-22.9661,-42.0278,73.36,94,0,11.5,2021-06-04 21:21:29
5,Saskylakh,RU,71.9167,114.0833,33.98,86,100,8.57,2021-06-04 21:21:30
6,Kununurra,AU,-15.7667,128.7333,75.18,31,90,12.66,2021-06-04 21:18:04
7,Nantucket,US,41.2835,-70.0995,64.02,100,90,10.36,2021-06-04 21:20:16
8,Huntingdon,GB,52.3305,-0.1865,58.78,91,100,1.01,2021-06-04 21:21:30
9,Bluff,NZ,-46.6,168.3333,49.8,79,100,14.23,2021-06-04 21:21:31
10,Cayenne,GF,4.9333,-52.3333,82.44,83,20,4.0,2021-06-04 21:21:31
11,Lorengau,PG,-2.0226,147.2712,82.29,78,25,5.08,2021-06-04 21:21:31
12,Tahoua,NE,14.8888,5.2692,103.98,10,36,9.22,2021-06-04 21:21:32
13,Miedzyrzec Podlaski,PL,51.9864,22.7825,59.05,69,97,0.96,2021-06-04 21:21:32
14,Albany,US,42.6001,-73.9662,81.91,54,100,4.07,2021-06-04 21:20:08
15,Tuktoyaktuk,CA,69.4541,-133.0374,39.2,87,90,9.22,2021-06-04 21:21:32
16,Paine,CL,-33.8167,-70.75,65.01,74,100,3.06,2021-06-04 21:21:33
17,Lingdong,CN,46.5669,131.1453,50.11,89,9,3.53,2021-06-04 21:21:33
18,Deputatskiy,RU,69.3,139.9,61.97,52,97,7.65,2021-06-04 21:21:33
19,Busselton,AU,-33.65,115.3333,54.09,85,91,5.32,2021-06-04 21:21:34
20,Punta Arenas,CL,-53.15,-70.9167,35.71,93,90,1.79,2021-06-04 21:21:34
21,Siverek,TR,37.755,39.3167,68.61,27,0,7.05,2021-06-04 21:21:34
22,Rikitea,PF,-23.1203,-134.9692,73.85,82,67,11.81,2021-06-04 21:21:17
23,Lebu,CL,-37.6167,-73.65,53.17,79,100,7.11,2021-06-04 21:21:35
24,Bethel,US,41.3712,-73.414,77.04,80,40,3.44,2021-06-04 21:21:35
25,Saint-Philippe,RE,-21.3585,55.7679,72.95,83,41,11.45,2021-06-04 21:21:35
26,Kailua,US,21.4022,-157.7394,85.98,71,40,11.5,2021-06-04 21:21:36
27,Yantal,RU,56.8471,105.2542,57.6,87,100,4.07,2021-06-04 21:21:36
28,Faya,SA,18.3851,42.4509,75.72,24,59,5.12,2021-06-04 21:21:36
29,Iwanai,JP,42.9744,140.5089,54.52,90,2,7.25,2021-06-04 21:21:37
30,Marzuq,YE,14.4,46.4667,78.57,42,2,6.06,2021-06-04 21:21:37
31,New Norfolk,AU,-42.7826,147.0587,47.57,70,100,1.01,2021-06-04 21:21:37
32,Husavik,IS,66.0449,-17.3389,51.71,91,100,8.66,2021-06-04 21:21:37
33,Wanning,CN,18.8003,110.3967,77.4,93,97,4.38,2021-06-04 21:21:38
34,Upernavik,GL,72.7868,-56.1549,33.62,78,100,7.58,2021-06-04 21:21:38
35,Belmonte,BR,-15.8631,-38.8828,75.7,85,98,10.02,2021-06-04 21:21:38
36,Rabo De Peixe,PT,37.8,-25.5833,63.91,72,20,6.62,2021-06-04 21:21:39
37,Marystown,CA,47.1666,-55.1483,49.33,98,100,11.48,2021-06-04 21:21:39
38,Graaff-Reinet,ZA,-32.2522,24.5308,45.66,33,9,1.03,2021-06-04 21:21:39
39,Dikson,RU,73.5069,80.5464,29.46,97,100,14.92,2021-06-04 21:21:39
40,Protvino,RU,54.8664,37.2178,56.12,78,63,6.29,2021-06-04 21:21:40
41,Rocha,UY,-34.4833,-54.3333,64.6,97,81,5.44,2021-06-04 21:21:40
42,Barrow,US,71.2906,-156.7887,33.82,86,90,11.5,2021-06-04 21:21:40
43,Baoding,CN,38.8511,115.4903,66.36,30,0,4.85,2021-06-04 21:21:41
44,Butaritari,KI,3.0707,172.7902,82.6,68,94,3.94,2021-06-04 21:21:41
45,Beloha,MG,-25.1667,45.05,65.66,85,11,8.46,2021-06-04 21:21:41
46,Nangong,CN,37.3581,115.3744,70.7,28,70,6.93,2021-06-04 21:21:41
47,Hermanus,ZA,-34.4187,19.2345,54.9,84,9,10.54,2021-06-04 21:21:42
48,Kodiak,US,57.79,-152.4072,60.31,44,75,11.5,2021-06-04 21:21:42
49,Mar Del Plata,AR,-38.0023,-57.5575,58.08,85,0,1.01,2021-06-04 21:21:42
50,Carnarvon,AU,-24.8667,113.6333,48.27,93,0,8.05,2021-06-04 21:21:43
51,Thompson,CA,55.7435,-97.8558,64.56,72,75,12.66,2021-06-04 21:21:43
52,Tarko-Sale,RU,64.9225,77.785,43.86,78,100,13.49,2021-06-04 21:21:43
53,San Quintin,MX,30.4833,-115.95,70.65,60,4,9.15,2021-06-04 21:21:37
54,Avarua,CK,-21.2078,-159.775,78.85,73,20,17.27,2021-06-04 21:21:43
55,Roma,US,43.2128,-75.4557,82.26,48,1,9.22,2021-06-04 21:17:40
56,Atuona,PF,-9.8,-139.0333,79.48,80,28,18.28,2021-06-04 21:21:44
57,Perelyub,RU,51.8667,50.3667,56.19,96,77,8.41,2021-06-04 21:21:44
58,Celestun,MX,20.8667,-90.4,85.46,69,65,15.95,2021-06-04 21:21:16
59,Ribeira Grande,PT,38.5167,-28.7,63.97,83,96,7.76,2021-06-04 21:21:45
60,Puerto Ayora,EC,-0.7393,-90.3518,78.76,81,70,5.99,2021-06-04 21:21:45
61,Mataura,NZ,-46.1927,168.8643,49.48,80,100,7.18,2021-06-04 21:21:45
62,Raga,SS,8.4596,25.678,72.37,84,100,2.19,2021-06-04 21:21:45
63,Pangai,TO,-19.8,-174.35,77.11,65,20,8.05,2021-06-04 21:21:46
64,Constitucion,CL,-35.3333,-72.4167,57.33,81,100,12.68,2021-06-04 21:20:56
65,Jamestown,US,42.097,-79.2353,77.09,55,40,11.01,2021-06-04 21:19:36
66,Torbay,CA,47.6666,-52.7314,56.48,96,90,19.57,2021-06-04 21:21:46
67,Weligama,LK,5.9667,80.4167,77.76,88,78,10.56,2021-06-04 21:21:46
68,Cabo San Lucas,MX,22.8909,-109.9124,98.82,40,1,6.91,2021-06-04 21:19:47
69,Bredasdorp,ZA,-34.5322,20.0403,53.28,93,4,3.11,2021-06-04 21:21:47
70,Cherskiy,RU,68.75,161.3,65.14,38,100,13.2,2021-06-04 21:21:47
71,Westport,US,41.1415,-73.3579,77.67,86,1,5.68,2021-06-04 21:21:33
72,Ternate,ID,0.8,127.4,80.78,80,100,4.63,2021-06-04 21:21:47
73,Longyearbyen,SJ,78.2186,15.6401,33.64,80,75,20.71,2021-06-04 21:21:48
74,Merauke,ID,-8.4667,140.3333,76.69,81,100,10.45,2021-06-04 21:21:48
75,La Palma,US,33.8464,-118.0467,97.32,64,20,5.99,2021-06-04 21:21:48
76,Camana,PE,-16.6228,-72.7111,66.06,74,0,4.92,2021-06-04 21:21:49
77,Kapaa,US,22.0752,-159.319,79.12,83,75,1.99,2021-06-04 21:21:49
78,Nikolskoye,RU,59.7035,30.7861,58.89,72,4,2.55,2021-06-04 21:21:49
79,Treinta Y Tres,UY,-33.2333,-54.3833,67.08,90,81,3.44,2021-06-04 21:21:49
80,Arteaga,MX,18.4667,-102.4167,78.01,51,100,3.69,2021-06-04 21:21:50
81,Kenai,US,60.5544,-151.2583,61.03,63,1,9.22,2021-06-04 21:20:47
82,Cape Town,ZA,-33.9258,18.4232,57.34,81,0,1.99,2021-06-04 21:19:35
83,Vaini,TO,-21.2,-175.2,75.36,73,20,1.14,2021-06-04 21:21:50
84,Port Alfred,ZA,-33.5906,26.891,54.91,66,0,8.1,2021-06-04 21:21:50
85,Yarada,IN,17.65,83.2667,84.52,89,20,14.14,2021-06-04 21:21:51
86,Maldonado,UY,-34.6667,-54.9167,64.22,95,96,1.36,2021-06-04 21:20:28
87,Whitehorse,CA,60.7161,-135.0538,57.02,52,75,8.99,2021-06-04 21:21:51
88,Mahebourg,MU,-20.4081,57.7,72.25,94,75,14.97,2021-06-04 21:21:51
89,Luganville,VU,-15.5333,167.1667,77.43,80,99,6.08,2021-06-04 21:21:52
90,Port Hardy,CA,50.6996,-127.4199,57.38,77,90,12.66,2021-06-04 21:21:52
91,Namibe,AO,-15.1961,12.1522,70.79,68,1,5.26,2021-06-04 21:21:52
92,Puerto Ayacucho,VE,5.6639,-67.6236,84.38,74,80,3.56,2021-06-04 21:21:53
93,Ram Das,IN,31.9661,74.9047,78.58,37,3,5.88,2021-06-04 21:21:53
94,Corbita,RO,46.15,27.3,59.45,79,17,4.61,2021-06-04 21:21:53
95,Amapa,BR,1.0,-52.0,75.67,96,64,2.33,2021-06-04 21:21:53
96,Tasiilaq,GL,65.6145,-37.6368,37.56,90,100,2.59,2021-06-04 21:21:54
97,Hithadhoo,MV,-0.6,73.0833,81.5,79,100,14.76,2021-06-04 21:21:54
98,Port Elizabeth,ZA,-33.918,25.5701,48.09,93,40,4.61,2021-06-04 21:19:18
99,Yerbogachen,RU,61.2767,108.0108,45.28,91,100,5.14,2021-06-04 21:21:54
100,Teknaf,BD,20.8624,92.3058,80.87,86,100,4.72,2021-06-04 21:21:55
101,Chokurdakh,RU,70.6333,147.9167,54.18,78,100,4.38,2021-06-04 21:21:55
102,Havre-Saint-Pierre,CA,50.2334,-63.5986,62.96,77,20,13.8,2021-06-04 21:21:55
103,Vardo,NO,70.3705,31.1107,44.8,93,85,4.05,2021-06-04 21:21:56
104,Luanda,AO,-8.8368,13.2343,77.0,88,75,8.05,2021-06-04 21:18:08
105,Chuy,UY,-33.6971,-53.4616,61.93,98,50,4.34,2021-06-04 21:21:56
106,Bonavista,CA,48.6499,-53.1147,57.2,97,100,16.06,2021-06-04 21:21:56
107,Khatanga,RU,71.9667,102.5,32.41,97,100,11.61,2021-06-04 21:21:57
108,Ushuaia,AR,-54.8,-68.3,31.66,86,20,5.75,2021-06-04 21:21:57
109,San Patricio,US,28.017,-97.5169,84.29,62,55,3.09,2021-06-04 21:21:57
110,Saint-Pierre,RE,-21.3393,55.4781,73.04,74,0,5.75,2021-06-04 21:21:57
111,Valparaiso,CL,-33.0393,-71.6273,61.03,83,0,9.22,2021-06-04 21:18:29
112,Majenang,ID,-7.2975,108.7642,74.35,91,42,0.63,2021-06-04 21:21:58
113,Mandi Bahauddin,PK,32.5834,73.4843,86.04,40,0,5.1,2021-06-04 21:21:58
114,Matveyevka,RU,52.15,56.1833,52.75,41,55,17.96,2021-06-04 21:21:58
115,Chokwe,MZ,-24.5333,32.9833,61.57,66,93,11.12,2021-06-04 21:21:59
116,Krasnovishersk,RU,60.4078,57.082,50.07,62,18,1.52,2021-06-04 21:21:59
117,East London,ZA,-33.0153,27.9116,56.17,59,4,7.29,2021-06-04 21:21:59
118,Kurunegala,LK,7.4863,80.3623,74.25,96,100,4.03,2021-06-04 21:22:00
119,Berlevag,NO,70.8578,29.0864,44.55,93,75,3.44,2021-06-04 21:22:00
120,Cananea,MX,30.95,-110.3,86.83,11,92,18.59,2021-06-04 21:22:00
121,Rio Grande,BR,-32.035,-52.0986,63.95,89,16,8.28,2021-06-04 21:22:01
122,Nome,US,64.5011,-165.4064,34.16,80,90,11.5,2021-06-04 21:22:01
123,Axim,GH,4.8699,-2.2405,79.66,84,95,7.25,2021-06-04 21:22:01
124,Bengkulu,ID,-3.8004,102.2655,75.11,91,94,3.76,2021-06-04 21:22:02
125,Hamilton,US,39.1834,-84.5333,87.78,47,1,1.01,2021-06-04 21:18:06
126,Inhambane,MZ,-23.865,35.3833,64.17,79,82,13.35,2021-06-04 21:22:02
127,Bathsheba,BB,13.2167,-59.5167,83.01,61,40,19.15,2021-06-04 21:22:02
128,Kaitangata,NZ,-46.2817,169.8464,51.93,62,98,8.63,2021-06-04 21:22:03
129,Norman Wells,CA,65.282,-126.8329,62.64,48,75,13.8,2021-06-04 21:22:03
130,Alugan,PH,12.2188,125.4808,77.05,91,100,5.5,2021-06-04 21:22:03
131,Khandyga,RU,62.6667,135.6,63.23,59,36,3.4,2021-06-04 21:22:04
132,Vila Franca Do Campo,PT,37.7167,-25.4333,64.81,74,100,5.44,2021-06-04 21:22:04
133,Hambantota,LK,6.1241,81.1185,79.99,81,98,15.46,2021-06-04 21:22:04
134,Honiara,SB,-9.4333,159.95,79.38,78,85,4.07,2021-06-04 21:22:04
135,Ahipara,NZ,-35.1667,173.1667,59.49,76,100,11.41,2021-06-04 21:22:05
136,Mabay,PH,6.0577,124.4666,79.18,85,100,3.69,2021-06-04 21:22:05
137,Lompoc,US,34.6391,-120.4579,84.34,68,20,4.0,2021-06-04 21:20:05
138,Huarmey,PE,-10.0681,-78.1522,70.61,71,4,9.86,2021-06-04 21:22:06
139,La Ronge,CA,55.1001,-105.2842,79.05,25,40,5.75,2021-06-04 21:22:06
140,Pevek,RU,69.7008,170.3133,40.42,66,100,9.71,2021-06-04 21:22:06
141,Amga,RU,60.8953,131.9608,62.17,58,9,2.33,2021-06-04 21:22:06
142,Iqaluit,CA,63.7506,-68.5145,36.7,74,90,13.0,2021-06-04 21:20:56
143,Cockburn Town,TC,21.4612,-71.1419,79.88,82,12,20.18,2021-06-04 21:22:07
144,Vao,NC,-22.6667,167.4833,72.41,78,64,12.35,2021-06-04 21:22:07
145,Castro,BR,-24.7911,-50.0119,61.72,79,0,3.18,2021-06-04 21:22:07
146,Amahai,ID,-3.3333,128.9167,76.84,88,89,3.42,2021-06-04 21:22:08
147,Guerrero Negro,MX,27.9769,-114.0611,77.38,42,0,14.56,2021-06-04 21:19:02
148,Padang,ID,-0.9492,100.3543,76.32,91,100,3.51,2021-06-04 21:22:08
149,Angoram,PG,-4.0625,144.0661,74.7,99,100,1.34,2021-06-04 21:22:09
150,Sakakah,SA,29.9697,40.2064,87.37,13,4,9.51,2021-06-04 21:22:09
151,Hasaki,JP,35.7333,140.8333,66.6,93,100,14.45,2021-06-04 21:22:09
152,Honningsvag,NO,70.9821,25.9704,43.65,94,99,11.18,2021-06-04 21:22:09
153,Sumbawanga,TZ,-7.9667,31.6167,58.75,74,71,3.49,2021-06-04 21:22:10
154,Ladozhskaya,RU,45.3081,39.935,60.06,88,89,17.65,2021-06-04 21:22:10
155,Sola,VU,-13.8833,167.55,81.27,78,75,0.0,2021-06-04 21:22:10
156,Alzamay,RU,55.5562,98.6644,57.16,98,100,4.83,2021-06-04 21:22:11
157,Tonj,SS,7.2737,28.6822,76.68,68,97,4.05,2021-06-04 21:22:11
158,Chizhou,CN,30.6578,117.4831,63.72,80,64,5.32,2021-06-04 21:22:11
159,Mount Vernon,US,40.9126,-73.8371,74.19,88,75,7.9,2021-06-04 21:21:43
160,General Roca,AR,-39.0333,-67.5833,57.6,44,100,13.6,2021-06-04 21:22:12
161,Belaya Gora,RU,68.5333,146.4167,69.66,33,100,12.86,2021-06-04 21:22:12
162,Verkhoyansk,RU,67.5447,133.385,72.05,40,93,16.24,2021-06-04 21:22:12
163,Pidhaytsi,UA,49.2685,25.1334,54.07,80,55,2.86,2021-06-04 21:22:13
164,Miri,MY,4.4148,114.0089,78.94,100,20,3.31,2021-06-04 21:22:13
165,Kavieng,PG,-2.5744,150.7967,82.62,77,26,10.8,2021-06-04 21:22:13
166,Salalah,OM,17.0151,54.0924,80.69,89,20,1.14,2021-06-04 21:22:14
167,Hobart,AU,-42.8794,147.3294,47.91,70,75,5.99,2021-06-04 21:22:14
168,Kerema,PG,-7.9631,145.7785,75.42,96,100,2.17,2021-06-04 21:22:14
169,Lasa,IT,46.6166,10.7002,63.48,94,95,3.42,2021-06-04 21:22:14
170,Sechura,PE,-5.5569,-80.8222,75.9,61,18,14.85,2021-06-04 21:22:15
171,Kropotkin,RU,45.4375,40.5756,57.85,83,99,17.13,2021-06-04 21:22:15
172,Bell Ville,AR,-32.6259,-62.6887,72.03,66,100,3.47,2021-06-04 21:22:15
173,Alihe,CN,50.5667,123.7167,49.87,95,100,5.95,2021-06-04 21:22:16
174,Dzhebariki-Khaya,RU,62.2167,135.8,62.04,61,56,4.61,2021-06-04 21:22:16
175,Ambositra,MG,-20.5167,47.25,53.82,87,1,2.53,2021-06-04 21:22:16
176,Saldanha,ZA,-33.0117,17.9442,50.05,62,89,6.2,2021-06-04 21:22:17
177,Yuzhno-Kurilsk,RU,44.0306,145.8556,48.06,100,100,7.29,2021-06-04 21:22:17
178,Nayagarh,IN,20.1333,85.1,78.39,71,49,3.44,2021-06-04 21:22:17
179,Geraldton,AU,-28.7667,114.6,48.61,87,0,6.93,2021-06-04 21:22:17
180,Sioux Falls,US,43.55,-96.7003,98.46,20,20,11.5,2021-06-04 21:21:58
181,Coquimbo,CL,-29.9533,-71.3436,58.73,88,90,5.37,2021-06-04 21:22:18
182,Nizwa,OM,22.9333,57.5333,92.46,20,0,3.98,2021-06-04 21:22:18
183,Maniitsoq,GL,65.4167,-52.9,44.08,62,99,7.31,2021-06-04 21:22:18
184,Pagudpud,PH,18.5616,120.7868,76.96,79,99,9.66,2021-06-04 21:22:18
185,Broome,US,42.2506,-75.833,81.7,48,1,3.0,2021-06-04 21:22:19
186,Airai,TL,-8.9266,125.4092,57.38,91,62,3.0,2021-06-04 21:22:19
187,Kamalia,PK,30.7333,72.65,91.69,32,0,6.11,2021-06-04 21:22:19
188,Tabuk,PH,17.4189,121.4443,76.59,60,35,3.11,2021-06-04 21:22:20
189,Beringovskiy,RU,63.05,179.3167,37.04,84,98,3.94,2021-06-04 21:22:20
190,Yambio,SS,4.5721,28.3955,67.89,97,96,2.89,2021-06-04 21:22:20
191,Viedma,AR,-40.8135,-62.9967,54.46,46,100,8.03,2021-06-04 21:20:24
192,Vostok,RU,46.4856,135.8833,48.43,92,77,2.82,2021-06-04 21:22:21
193,Camacha,PT,33.0833,-16.3333,63.36,68,40,12.66,2021-06-04 21:22:21
194,Ibia,BR,-19.4783,-46.5389,72.86,44,4,6.08,2021-06-04 21:22:21
195,Narsaq,GL,60.9167,-46.05,52.02,61,99,11.99,2021-06-04 21:22:21
196,Yar-Sale,RU,66.8333,70.8333,48.36,56,98,7.56,2021-06-04 21:22:22
197,Fairbanks,US,64.8378,-147.7164,68.59,45,75,11.5,2021-06-04 21:18:35
198,Sitka,US,57.0531,-135.33,55.29,54,90,9.22,2021-06-04 21:22:22
199,Nuuk,GL,64.1835,-51.7216,47.01,57,90,10.36,2021-06-04 21:22:22
200,Korla,CN,41.7597,86.1469,76.42,28,87,7.92,2021-06-04 21:22:23
201,Tagusao,PH,9.1924,117.8141,80.69,85,100,5.57,2021-06-04 21:22:23
202,Vung Tau,VN,10.346,107.0843,82.27,83,100,11.16,2021-06-04 21:22:23
203,Vestmannaeyjar,IS,63.4427,-20.2734,47.39,100,90,6.91,2021-06-04 21:22:23
204,Lafia,NG,8.4833,8.5167,76.69,90,100,5.21,2021-06-04 21:22:24
205,Quang Ngai,VN,15.1167,108.8,77.88,84,94,3.65,2021-06-04 21:22:24
206,Calvia,ES,39.5657,2.5062,68.92,89,51,2.3,2021-06-04 21:22:24
207,Bilma,NE,18.6853,12.9164,96.13,12,6,7.07,2021-06-04 21:22:25
208,Kyshtovka,RU,56.555,76.6271,40.33,68,24,12.55,2021-06-04 21:22:25
209,Bandarbeyla,SO,9.4942,50.8122,79.66,79,2,23.96,2021-06-04 21:22:26
210,Tuatapere,NZ,-46.1333,167.6833,49.82,80,100,8.19,2021-06-04 21:22:26
211,Varnsdorf,CZ,50.9115,14.6182,66.67,83,77,4.27,2021-06-04 21:22:26
212,Monrovia,LR,6.3005,-10.7969,71.37,83,100,9.53,2021-06-04 21:19:54
213,Leningradskiy,RU,69.3833,178.4167,32.74,86,80,9.04,2021-06-04 21:22:27
214,Chulman,RU,56.8479,124.9104,52.84,62,0,0.94,2021-06-04 21:22:27
215,Zhezkazgan,KZ,47.8043,67.7144,53.01,46,76,25.86,2021-06-04 21:22:27
216,Petatlan,MX,17.5167,-101.2667,91.2,47,93,8.14,2021-06-04 21:22:28
217,Sudislavl,RU,57.8817,41.7083,51.89,76,0,5.44,2021-06-04 21:22:28
218,Ostrovnoy,RU,68.0531,39.5131,49.3,69,33,6.2,2021-06-04 21:22:28
219,Marsh Harbour,BS,26.5412,-77.0636,80.11,76,94,12.44,2021-06-04 21:22:28
220,Ancud,CL,-41.8697,-73.8203,47.73,82,58,9.22,2021-06-04 21:22:29
221,Ketchikan,US,55.3422,-131.6461,50.47,93,90,16.11,2021-06-04 21:22:29
222,Moose Factory,CA,51.2585,-80.6094,48.2,87,1,11.5,2021-06-04 21:22:29
223,Zatoka,UA,46.0725,30.4654,59.54,74,88,11.39,2021-06-04 21:22:29
224,Souillac,MU,-20.5167,57.5167,72.36,94,75,15.41,2021-06-04 21:22:30
225,Asau,RO,46.4333,26.4,56.32,86,23,4.81,2021-06-04 21:22:30
226,Puerto Lempira,HN,15.2667,-83.7667,87.94,79,40,9.22,2021-06-04 21:22:30
227,Nanortalik,GL,60.1432,-45.2371,39.43,77,100,13.51,2021-06-04 21:22:31
228,Barrhead,GB,55.7992,-4.3929,54.93,76,56,2.3,2021-06-04 21:22:31
229,Sao Miguel Do Araguaia,BR,-13.275,-50.1628,82.51,34,34,5.82,2021-06-04 21:22:31
230,Nioro,GM,13.35,-15.75,85.89,48,81,15.21,2021-06-04 21:22:32
231,Warwick,US,41.7001,-71.4162,72.36,90,90,3.44,2021-06-04 21:22:32
232,Batemans Bay,AU,-35.7167,150.1833,41.92,75,13,4.7,2021-06-04 21:22:32
233,Palasa,IN,18.7667,84.4167,82.89,80,50,9.89,2021-06-04 21:22:33
234,Malindi,KE,-3.2175,40.1191,78.96,83,40,0.0,2021-06-04 21:22:33
235,Ormara,PK,25.2088,64.6357,84.36,74,81,3.85,2021-06-04 21:22:33
236,Ekibastuz,KZ,51.6667,75.3667,47.88,55,74,24.02,2021-06-04 21:22:34
237,Muros,ES,42.7762,-9.0603,62.83,66,6,9.78,2021-06-04 21:22:34
238,Shache,CN,38.4167,77.2406,76.33,22,7,16.91,2021-06-04 21:22:34
239,Manoharpur,IN,27.3,75.95,83.35,36,98,1.72,2021-06-04 21:22:34
240,Pangnirtung,CA,66.1451,-65.7125,39.2,56,90,8.05,2021-06-04 21:22:35
241,Ayr,GB,55.4627,-4.6339,55.38,67,20,5.75,2021-06-04 21:22:35
242,Katsuura,JP,35.1333,140.3,73.11,89,100,8.19,2021-06-04 21:22:35
243,Vila Velha,BR,-20.3297,-40.2925,75.15,87,20,4.0,2021-06-04 21:19:29
244,Provideniya,RU,64.3833,-173.3,37.74,63,49,6.11,2021-06-04 21:22:36
245,Athabasca,CA,54.7169,-113.2854,76.69,44,100,11.61,2021-06-04 21:22:36
246,Qaanaaq,GL,77.484,-69.3632,34.81,81,61,1.41,2021-06-04 21:22:36
247,Hofn,IS,64.2539,-15.2082,47.5,96,100,7.58,2021-06-04 21:22:37
248,Havelock,US,34.8791,-76.9013,76.01,94,75,5.01,2021-06-04 21:22:37
249,Victoria,HK,22.2855,114.1577,80.33,84,100,5.99,2021-06-04 21:19:46
250,Teguise,ES,29.0605,-13.564,62.82,63,40,21.3,2021-06-04 21:22:37
251,Kidal,ML,18.4411,1.4078,97.95,10,37,7.4,2021-06-04 21:22:38
252,Guane,CU,22.2025,-84.0875,87.19,60,75,8.5,2021-06-04 21:22:38
253,Jalu,LY,29.0331,21.5482,84.76,24,0,9.71,2021-06-04 21:22:38
254,Evensk,RU,61.95,159.2333,40.84,96,100,8.75,2021-06-04 21:22:38
255,Houston,US,29.7633,-95.3633,82.31,76,75,5.01,2021-06-04 21:21:42
256,Kafanchan,NG,9.5833,8.3,69.73,93,100,3.18,2021-06-04 21:22:39
257,Hervey Bay,AU,-25.2986,152.8535,58.03,82,0,3.0,2021-06-04 21:22:39
258,Arlit,NE,18.7369,7.3853,96.49,7,1,12.55,2021-06-04 21:22:39
259,Altay,CN,47.8667,88.1167,61.39,78,91,2.91,2021-06-04 21:22:40
260,Virginia Beach,US,36.8529,-75.978,84.02,70,75,11.5,2021-06-04 21:18:54
261,Cidreira,BR,-30.1811,-50.2056,65.08,83,23,8.95,2021-06-04 21:22:40
262,Caravelas,BR,-17.7125,-39.2481,72.84,90,98,7.23,2021-06-04 21:22:40
263,Sayville,US,40.7359,-73.0821,75.56,81,75,3.0,2021-06-04 21:22:41
264,Bisira,PA,8.5196,-81.7115,68.23,80,100,4.16,2021-06-04 21:22:41
265,Yulara,AU,-25.2406,130.9889,39.04,81,0,5.75,2021-06-04 21:22:41
266,Gawler,AU,-34.6,138.7333,49.48,85,14,4.61,2021-06-04 21:22:41
267,Manta,EC,-0.95,-80.7333,76.78,83,90,13.8,2021-06-04 21:22:42
268,Waipawa,NZ,-41.4122,175.5153,53.46,83,37,6.87,2021-06-04 21:22:42
269,Faanui,PF,-16.4833,-151.75,80.15,77,46,11.41,2021-06-04 21:22:42
270,Chitungwiza,ZW,-18.0127,31.0756,31.26,71,88,10.85,2021-06-04 21:22:43
271,Mombetsu,JP,44.3525,143.3525,56.03,79,0,5.91,2021-06-04 21:22:43
272,Ritchie,ZA,-29.038,24.6028,33.01,26,0,4.92,2021-06-04 21:22:43
273,Kloulklubed,PW,7.0419,134.2556,80.62,80,100,5.57,2021-06-04 21:22:43
274,Chara,RU,56.9064,118.2631,59.18,55,4,2.42,2021-06-04 21:22:44
275,Manggar,ID,-2.8833,108.2667,81.43,78,43,9.95,2021-06-04 21:22:44
276,Fare,PF,-16.7,-151.0167,81.5,72,65,13.18,2021-06-04 21:22:44
277,Tinskoy,RU,56.1525,96.9161,54.25,92,100,5.06,2021-06-04 21:22:45
278,Pisco,PE,-13.7,-76.2167,66.25,72,0,9.22,2021-06-04 21:22:45
279,Labuhan,ID,-6.8844,112.2051,78.04,87,12,6.31,2021-06-04 21:22:45
280,Wakkanai,JP,45.4094,141.6739,52.81,93,21,21.45,2021-06-04 21:22:45
281,Meiktila,MM,20.8667,95.8667,82.65,67,100,10.29,2021-06-04 21:22:46
282,Isangel,VU,-19.55,169.2667,77.11,73,20,11.14,2021-06-04 21:22:46
283,San Marco In Lamis,IT,41.7131,15.6399,59.92,55,51,1.66,2021-06-04 21:22:46
284,Bhola,BD,22.6833,90.65,83.5,85,55,10.98,2021-06-04 21:22:46
285,Scottsbluff,US,41.8666,-103.6672,97.03,17,1,4.0,2021-06-04 21:22:47
286,Nhulunbuy,AU,-12.2333,136.7667,75.81,69,40,12.66,2021-06-04 21:22:47
287,Horconcitos,PA,8.4682,-81.8007,76.39,78,98,2.68,2021-06-04 21:22:47
288,Talnakh,RU,69.4865,88.3972,31.73,99,100,7.83,2021-06-04 21:22:48
289,Saint-Louis,SN,16.3333,-15.0,103.64,17,19,11.18,2021-06-04 21:22:48
290,Strezhevoy,RU,60.7333,77.5889,44.58,65,50,8.9,2021-06-04 21:22:48
291,Senhor Do Bonfim,BR,-10.4614,-40.1894,70.81,88,98,5.39,2021-06-04 21:22:48
292,Pontecagnano,IT,40.6425,14.8735,72.14,69,28,1.41,2021-06-04 21:22:49
293,Napier,NZ,-39.4833,176.9167,46.24,94,0,1.01,2021-06-04 21:22:31
294,Koutsouras,GR,35.0339,25.9469,67.98,67,0,14.38,2021-06-04 21:22:49
295,Gryazovets,RU,58.88,40.2525,53.71,81,0,4.27,2021-06-04 21:22:49
296,Mumford,GH,5.2618,-0.759,80.73,81,88,11.36,2021-06-04 21:22:50
297,Seminole,US,28.7086,-81.2081,84.42,92,75,6.91,2021-06-04 21:18:31
298,Baruun-Urt,MN,46.6806,113.2792,54.28,64,28,8.32,2021-06-04 21:22:50
299,Palmer,US,42.1584,-72.3287,81.75,73,75,1.99,2021-06-04 21:22:50
300,Luderitz,NA,-26.6481,15.1594,69.69,35,0,12.21,2021-06-04 21:22:51
301,Sao Filipe,CV,14.8961,-24.4956,75.56,70,47,15.37,2021-06-04 21:22:51
302,Kavaratti,IN,10.5669,72.642,83.3,78,100,16.37,2021-06-04 21:22:51
303,Almaznyy,RU,48.0448,40.045,55.54,93,100,2.77,2021-06-04 21:22:52
304,Avera,US,33.194,-82.5271,92.91,49,99,1.7,2021-06-04 21:22:52
305,Pervomayskoye,RU,43.919,46.7102,63.55,85,100,5.86,2021-06-04 21:22:52
306,Taoudenni,ML,22.6783,-3.9836,99.73,15,57,11.36,2021-06-04 21:22:52
307,Qeshm,IR,26.9581,56.2719,87.67,87,1,5.73,2021-06-04 21:22:53
308,Aklavik,CA,68.2191,-135.0107,43.52,81,90,13.8,2021-06-04 21:22:53
309,Okhotsk,RU,59.3833,143.3,41.74,85,5,1.88,2021-06-04 21:22:53
310,Aberdeen,GB,57.1437,-2.0981,59.2,79,67,6.91,2021-06-04 21:22:53
311,Santa Cruz De Tenerife,ES,28.4682,-16.2546,69.22,80,75,10.0,2021-06-04 21:22:54
312,Mirnyy,RU,62.5353,113.9611,47.68,73,100,8.03,2021-06-04 21:22:54
313,Boende,CD,-0.2167,20.8667,77.09,66,63,0.27,2021-06-04 21:22:55
314,Fortuna,US,40.5982,-124.1573,90.48,82,75,11.5,2021-06-04 21:22:55
315,Hobyo,SO,5.3505,48.5268,78.62,84,4,20.65,2021-06-04 21:22:55
316,Talant,FR,47.3369,5.0089,63.41,88,75,10.36,2021-06-04 21:22:55
317,Richards Bay,ZA,-28.783,32.0377,61.7,72,77,7.81,2021-06-04 21:22:56
318,Atlantic City,US,39.3643,-74.4229,83.01,72,75,10.47,2021-06-04 21:19:30
319,Grand Forks,US,47.9417,-97.4337,103.93,16,20,18.41,2021-06-04 21:22:56
320,Chunskiy,RU,56.0815,99.6342,56.48,94,100,5.91,2021-06-04 21:22:56
321,Kofele,ET,7.0667,38.7833,50.23,81,5,4.05,2021-06-04 21:22:57
322,Kolokani,ML,13.5728,-8.0339,97.52,19,55,0.81,2021-06-04 21:22:57
323,Gazalkent,UZ,41.5581,69.7708,79.16,25,0,9.55,2021-06-04 21:22:57
324,Ponta Do Sol,PT,32.6667,-17.1,66.83,58,33,4.74,2021-06-04 21:22:57
325,Parana,AR,-31.732,-60.5238,79.3,75,100,6.17,2021-06-04 21:22:58
326,Naze,JP,28.3667,129.4833,72.01,92,100,6.11,2021-06-04 21:19:18
327,Tumbotino,RU,55.9993,43.0236,55.29,77,2,9.22,2021-06-04 21:22:58
328,San Francisco,US,37.7749,-122.4194,92.03,74,75,7.0,2021-06-04 21:22:24
329,Krasnogorskoye,RU,52.2953,86.1979,53.2,98,99,13.56,2021-06-04 21:22:58
330,Harnosand,SE,62.6323,17.9379,59.02,72,35,4.52,2021-06-04 21:22:59
331,Gamba,GA,-2.65,10.0,76.69,89,18,5.14,2021-06-04 21:22:59
332,Ilulissat,GL,69.2167,-51.1,55.42,33,5,16.11,2021-06-04 21:22:59
333,Clyde River,CA,70.4692,-68.5914,32.23,86,75,5.75,2021-06-04 21:23:00
334,Constantine,DZ,36.365,6.6147,67.41,82,75,13.8,2021-06-04 21:23:00
335,Fulton,US,33.7668,-84.4499,87.12,52,1,1.01,2021-06-04 21:23:00
336,Bend,US,44.0582,-121.3153,82.99,31,1,1.99,2021-06-04 21:23:00
337,Sao Raimundo Nonato,BR,-9.0153,-42.6994,86.38,39,54,9.66,2021-06-04 21:23:01
338,Komsomolskiy,UZ,40.4272,71.7189,78.22,31,1,4.61,2021-06-04 21:23:01
339,Muli,MV,2.9167,73.5667,82.35,76,100,16.96,2021-06-04 21:23:01
340,Pahrump,US,36.2083,-115.9839,108.68,7,12,7.0,2021-06-04 21:19:52
341,Sungairaya,ID,0.7,108.9,78.94,86,80,4.68,2021-06-04 21:23:02
342,Coihaique,CL,-45.5752,-72.0662,40.95,75,75,5.75,2021-06-04 21:23:02
343,Henties Bay,NA,-22.116,14.2845,67.86,52,0,9.26,2021-06-04 21:23:03
344,Kruisfontein,ZA,-34.0033,24.7314,45.88,79,0,3.71,2021-06-04 21:23:03
345,Mantua,IT,45.1667,10.7833,76.15,64,74,1.99,2021-06-04 21:23:03
346,Klaksvik,FO,62.2266,-6.589,49.12,97,52,16.42,2021-06-04 21:23:03
347,Homer,US,59.6425,-151.5483,61.09,64,1,6.91,2021-06-04 21:23:04
348,Jacupiranga,BR,-24.6925,-48.0022,67.41,95,0,2.44,2021-06-04 21:23:05
349,Port Lincoln,AU,-34.7333,135.8667,57.22,84,85,12.37,2021-06-04 21:23:05
350,Tacuarembo,UY,-31.7333,-55.9833,70.83,80,97,7.7,2021-06-04 21:22:27
351,Khandagayty,RU,50.7333,92.05,58.12,74,95,4.92,2021-06-04 21:23:05
352,Severo-Kurilsk,RU,50.6789,156.125,45.41,89,100,15.17,2021-06-04 21:23:06
353,Albanel,CA,48.8832,-72.4487,75.18,41,62,9.22,2021-06-04 21:23:06
354,Donskoye,RU,45.4552,41.9741,59.13,88,96,6.73,2021-06-04 21:23:06
355,Krasnotorka,UA,48.682,37.5327,53.11,91,96,4.0,2021-06-04 21:23:07
356,Opuwo,NA,-18.0607,13.84,57.29,25,5,8.55,2021-06-04 21:21:18
357,Port-Gentil,GA,-0.7193,8.7815,78.76,89,75,12.66,2021-06-04 21:23:07
358,Dabuleni,RO,43.8,24.0833,64.58,77,65,4.5,2021-06-04 21:23:07
359,Rongcheng,CN,30.634,117.8517,63.84,83,71,4.09,2021-06-04 21:23:08
360,Sheregesh,RU,52.9209,87.9869,55.13,99,100,6.08,2021-06-04 21:23:08
361,Bay Roberts,CA,47.5999,-53.2648,57.24,93,100,7.0,2021-06-04 21:23:08
362,Kulhudhuffushi,MV,6.6221,73.07,82.44,79,100,16.62,2021-06-04 21:23:09
363,Betanzos,ES,43.2804,-8.2147,58.66,80,0,0.89,2021-06-04 21:23:09
364,Gunnedah,AU,-30.9833,150.25,46.02,95,0,1.99,2021-06-04 21:23:09
365,Lukulu,ZM,-14.3707,23.242,55.72,36,31,6.31,2021-06-04 21:23:09
366,Kimbe,PG,-5.5502,150.1429,77.07,95,99,2.46,2021-06-04 21:23:10
367,Saint-Georges,GD,12.0564,-61.7485,82.08,78,75,20.71,2021-06-04 21:23:10
368,Kaeo,NZ,-35.1,173.7833,61.32,81,98,10.87,2021-06-04 21:23:10
369,Upata,VE,8.0086,-62.3989,75.2,80,71,5.39,2021-06-04 21:23:11
370,Balkanabat,TM,39.5108,54.3671,77.02,54,0,2.86,2021-06-04 21:23:11
371,Isla Vista,US,34.4133,-119.861,95.07,59,40,11.5,2021-06-04 21:23:11
372,Grants,US,35.1473,-107.8514,86.23,12,1,10.36,2021-06-04 21:23:12
373,Marsaxlokk,MT,35.8419,14.5431,71.08,77,0,1.14,2021-06-04 21:20:17
374,Rawson,AR,-43.3002,-65.1023,53.33,45,0,17.85,2021-06-04 21:23:12
375,Griffith,US,41.5284,-87.4237,91.6,29,1,4.0,2021-06-04 21:23:12
376,Biu,NG,10.6129,12.1946,73.0,71,100,16.8,2021-06-04 21:23:13
377,Chulumani,BO,-16.4096,-67.5263,65.48,95,100,2.64,2021-06-04 21:23:13
378,Rio De Janeiro,BR,-22.9028,-43.2075,75.9,87,0,9.22,2021-06-04 21:23:13
379,Carlagan,PH,14.975,122.0456,82.24,81,8,3.8,2021-06-04 21:23:14
380,Sandakan,MY,5.8402,118.1179,78.48,94,20,0.0,2021-06-04 21:23:14
381,Putai,FR,46.6579,1.9863,60.39,98,100,6.06,2021-06-04 21:23:14
382,Buala,SB,-8.145,159.5921,81.82,81,100,6.26,2021-06-04 21:23:14
383,Iberia,US,29.9502,-91.7507,82.4,69,75,9.13,2021-06-04 21:23:15
384,Kayes,ML,14.0,-11.0,101.44,21,99,4.23,2021-06-04 21:23:15
385,Zheleznodorozhnyy,RU,55.7503,38.0042,63.12,75,80,6.73,2021-06-04 21:23:15
386,Jega,NG,12.2175,4.3792,91.98,36,25,9.19,2021-06-04 21:23:16
387,Calbuco,CL,-41.768,-73.1273,49.21,83,98,8.9,2021-06-04 21:23:16
388,Port Macquarie,AU,-31.4333,152.9167,55.36,82,29,10.96,2021-06-04 21:23:16
389,Hualmay,PE,-11.0964,-77.6139,68.61,72,4,10.45,2021-06-04 21:23:16
390,Nemuro,JP,43.3236,145.575,50.0,100,100,9.84,2021-06-04 21:23:17
391,Balakhninskiy,RU,58.0106,114.2769,58.53,70,42,2.62,2021-06-04 21:23:17
392,Solnechnyy,RU,50.7214,136.6319,44.02,97,100,8.86,2021-06-04 21:23:17
393,Abu Samrah,SY,35.3029,37.1841,69.6,51,0,8.66,2021-06-04 21:23:18
394,El Tarra,CO,8.5756,-73.0949,86.58,70,100,3.31,2021-06-04 21:23:18
395,Bambanglipuro,ID,-7.95,110.2833,55.6,92,8,1.59,2021-06-04 21:23:18
396,Leinfelden-Echterdingen,DE,48.6941,9.1681,66.45,83,20,1.14,2021-06-04 21:23:19
397,Quatre Cocos,MU,-20.2078,57.7625,72.09,84,87,17.25,2021-06-04 21:23:19
398,Esperance,AU,-33.8667,121.9,49.84,69,27,13.22,2021-06-04 21:23:19
399,Sohag,EG,26.557,31.6948,81.32,23,0,17.52,2021-06-04 21:23:19
400,Santa Rosa,PH,14.3122,121.1114,82.11,88,50,4.16,2021-06-04 21:23:20
401,Mandalgovi,MN,45.7625,106.2708,56.82,35,0,1.14,2021-06-04 21:23:20
402,Vanavara,RU,60.34,102.2797,42.93,92,100,5.73,2021-06-04 21:23:20
403,Mount Gambier,AU,-37.8333,140.7667,44.51,81,90,12.66,2021-06-04 21:23:21
404,Walvis Bay,NA,-22.9575,14.5053,72.55,20,0,10.56,2021-06-04 21:23:21
405,Ures,MX,29.4333,-110.4,101.07,9,3,14.23,2021-06-04 21:23:21
406,Lavrentiya,RU,65.5833,-171.0,32.54,89,99,4.5,2021-06-04 21:23:22
407,Umm Lajj,SA,25.0213,37.2685,83.1,58,3,10.16,2021-06-04 21:23:22
408,Manono,CD,-7.3,27.4167,77.02,47,83,2.44,2021-06-04 21:23:22
409,Ulaanbaatar,MN,47.9077,106.8832,39.33,75,0,2.98,2021-06-04 21:23:22
410,Mwingi,KE,-0.9344,38.0601,65.32,84,31,6.87,2021-06-04 21:23:23
411,Praya,CV,14.9215,-23.5087,73.94,78,20,19.57,2021-06-04 21:23:23
412,Saint George,US,37.1041,-113.5841,106.63,12,1,4.0,2021-06-04 21:23:23
413,Oktyabrskoye,RU,43.0645,44.7417,55.54,93,99,2.86,2021-06-04 21:23:24
414,Ossora,RU,59.2353,163.0719,48.51,74,100,0.65,2021-06-04 21:23:24
415,Narkevychi,UA,49.5172,26.6418,56.86,69,76,5.95,2021-06-04 21:23:24
416,Bastia,FR,42.6667,9.3333,71.4,84,0,3.47,2021-06-04 21:23:25
417,Parrita,CR,9.5201,-84.3225,92.97,79,45,4.47,2021-06-04 21:23:25
418,Luangwa,ZM,-15.6167,30.4167,62.67,70,1,3.87,2021-06-04 21:23:25
419,Byron Bay,AU,-28.65,153.6167,60.75,79,0,12.35,2021-06-04 21:23:25
420,Najran,SA,17.4924,44.1277,79.45,15,1,0.81,2021-06-04 21:23:26
421,Kitimat,CA,54.0524,-128.6534,52.92,92,100,3.44,2021-06-04 21:23:26
422,Aksarka,RU,66.5606,67.7975,51.03,59,20,15.1,2021-06-04 21:23:26
423,Maragogi,BR,-9.0122,-35.2225,75.4,86,29,8.34,2021-06-04 21:23:27
424,Albion,US,42.2431,-84.753,89.31,23,1,15.08,2021-06-04 21:23:27
425,Zemio,CF,5.0314,25.1361,71.87,85,99,1.83,2021-06-04 21:23:27
426,Invermere,CA,50.5167,-116.0354,80.85,25,7,1.99,2021-06-04 21:23:27
427,Saint-Joseph,RE,-21.3667,55.6167,71.96,80,17,8.37,2021-06-04 21:23:28
428,Dibulla,CO,11.2725,-73.3091,81.81,82,100,1.48,2021-06-04 21:23:28
429,Ranong,TH,9.9658,98.6348,80.74,87,92,6.46,2021-06-04 21:23:28
430,Yichang,CN,30.7144,111.2847,65.12,78,73,5.39,2021-06-04 21:23:28
431,Huilong,CN,31.8111,121.655,69.04,86,91,10.02,2021-06-04 21:23:29
432,Ponta Delgada,PT,37.7333,-25.6667,65.12,72,20,8.05,2021-06-04 21:23:29
433,Ada,US,43.4166,-116.1262,91.31,25,1,11.01,2021-06-04 21:23:29
434,Bontang,ID,0.1333,117.5,81.39,79,20,3.67,2021-06-04 21:23:30
435,Paamiut,GL,61.994,-49.6678,39.43,77,100,24.83,2021-06-04 21:23:30
436,Bairiki,KI,1.3292,172.9752,80.6,89,75,4.94,2021-06-04 21:23:30
437,Rudbar,AF,30.15,62.6,91.72,9,0,7.29,2021-06-04 21:23:30
438,Kohima,IN,25.6667,94.1167,62.78,89,29,2.44,2021-06-04 21:23:31
439,Jasper,US,37.2001,-94.3502,84.45,52,40,3.0,2021-06-04 21:20:43
440,Nouadhibou,MR,20.931,-17.0347,71.58,64,0,24.16,2021-06-04 21:23:31
441,Tilichiki,RU,60.4667,166.1,42.75,83,99,3.83,2021-06-04 21:23:31
442,Laramie,US,41.3114,-105.5911,83.1,10,1,0.0,2021-06-04 21:23:32
443,Linqiong,CN,30.4159,103.4609,66.02,65,100,1.72,2021-06-04 21:23:32
444,Gorontalo,ID,0.5412,123.0595,74.95,94,96,2.06,2021-06-04 21:23:32
445,Ende,ID,-8.8432,121.6623,75.31,86,37,2.55,2021-06-04 21:23:33
446,Bria,CF,6.5423,21.9863,73.62,79,34,1.54,2021-06-04 21:23:33
447,Guilin,CN,25.2819,110.2864,64.51,84,46,2.21,2021-06-04 21:23:33
448,Northam,GB,51.0333,-4.2167,56.12,89,4,4.0,2021-06-04 21:23:34
449,Yumen,CN,40.2833,97.2,72.48,9,30,11.99,2021-06-04 21:23:34
450,Tazovskiy,RU,67.4667,78.7,32.31,84,43,7.0,2021-06-04 21:23:34
451,Shahrud,IR,36.4182,54.9763,78.58,35,83,8.61,2021-06-04 21:23:34
452,Skibbereen,IE,51.55,-9.2667,55.2,97,100,5.39,2021-06-04 21:23:35
453,Xuanwu,CN,32.069,118.8138,64.35,68,71,6.71,2021-06-04 21:23:35
454,Goiatuba,BR,-18.0125,-49.3547,75.67,34,6,7.16,2021-06-04 21:23:35
455,Takoradi,GH,4.8845,-1.7554,79.68,84,91,8.86,2021-06-04 21:23:35
456,Port Hedland,AU,-20.3167,118.5667,69.85,46,90,10.36,2021-06-04 21:23:36
457,Tres Picos,MX,15.8667,-93.5333,87.55,71,33,6.85,2021-06-04 21:23:36
458,Paka,MY,4.6374,103.4368,76.93,94,100,6.11,2021-06-04 21:23:36
459,Conceicao Do Araguaia,BR,-8.2578,-49.2647,87.93,51,0,1.41,2021-06-04 21:23:38
460,Lahad Datu,MY,5.0268,118.327,78.39,91,96,4.61,2021-06-04 21:23:38
461,Singapore,SG,1.2897,103.8501,80.55,92,75,9.98,2021-06-04 21:23:38
462,Putina,PE,-15.4667,-69.4333,48.11,63,100,5.64,2021-06-04 21:23:39
463,Bizhbulyak,RU,53.6967,54.2642,51.85,62,77,10.98,2021-06-04 21:23:39
464,Port Moresby,PG,-9.4431,147.1797,76.05,92,100,9.37,2021-06-04 21:23:39
465,Abonnema,NG,4.7084,6.7931,75.49,92,95,2.91,2021-06-04 21:23:40
466,Lagoa,PT,39.05,-27.9833,62.26,88,100,12.5,2021-06-04 21:23:40
467,Puerto Lopez,CO,4.0845,-72.956,78.94,82,100,4.16,2021-06-04 21:23:40
468,Koumac,NC,-20.5667,164.2833,73.29,64,58,3.11,2021-06-04 21:23:40
469,Nishihara,JP,26.1842,127.7558,81.68,86,75,7.76,2021-06-04 21:23:41
470,Olinda,BR,-8.0089,-34.8553,76.73,69,20,9.35,2021-06-04 21:23:41
471,Ubinskoye,RU,55.3068,79.6802,43.63,82,99,18.21,2021-06-04 21:23:41
472,Hami,CN,42.8,93.45,81.27,28,45,16.51,2021-06-04 21:23:41
473,Njeru,UG,0.4186,33.1731,66.78,78,45,3.0,2021-06-04 21:23:42
474,Tchibanga,GA,-2.85,11.0333,71.29,97,43,2.13,2021-06-04 21:23:42
475,Batticaloa,LK,7.7102,81.6924,79.16,84,100,5.79,2021-06-04 21:23:42
476,Palora,EC,-1.7,-77.9333,78.91,97,92,0.85,2021-06-04 21:23:43
477,San Rafael,AR,-34.6177,-68.3301,61.32,56,8,11.72,2021-06-04 21:23:43
478,Fort-Shevchenko,KZ,44.5086,50.263,70.95,68,2,18.41,2021-06-04 21:23:43
479,Port Augusta,AU,-32.5,137.7667,45.72,85,0,1.19,2021-06-04 21:23:43
480,Pacora,PA,9.0833,-79.2833,87.33,74,40,3.8,2021-06-04 21:23:44
481,Sept-Iles,CA,50.2001,-66.3821,69.8,68,75,4.0,2021-06-04 21:23:44
482,Matola,MZ,-25.9622,32.4589,61.52,72,40,8.57,2021-06-04 21:23:44
483,Liliani,PK,32.2065,72.9537,88.57,36,1,6.76,2021-06-04 21:23:45
484,Panjab,AF,34.388,67.0233,54.57,33,0,5.23,2021-06-04 21:23:45
485,Freeport,US,40.6576,-73.5832,74.25,86,75,9.82,2021-06-04 21:23:45
486,Pontes E Lacerda,BR,-15.2261,-59.3353,86.81,34,5,5.14,2021-06-04 21:20:05
487,Negombo,LK,7.2083,79.8358,79.36,83,98,12.12,2021-06-04 21:23:45
488,Alta Floresta,BR,-9.8756,-56.0861,87.62,42,0,1.14,2021-06-04 21:23:46
489,Brenham,US,30.1669,-96.3977,83.05,72,75,4.61,2021-06-04 21:23:46
490,Leon Valley,US,29.4952,-98.6186,83.43,62,40,1.01,2021-06-04 21:23:46
491,Pathein,MM,16.7833,94.7333,82.76,79,96,7.83,2021-06-04 21:23:47
492,Praia Da Vitoria,PT,38.7333,-27.0667,66.45,77,20,4.74,2021-06-04 21:23:47
493,Skjervoy,NO,70.0311,20.9714,47.26,93,83,5.73,2021-06-04 21:23:47
494,Cognac,FR,45.5,-0.25,58.6,88,90,6.46,2021-06-04 21:23:47
495,Galveston,US,29.3669,-94.9669,80.71,90,90,7.83,2021-06-04 21:23:48
496,Ramsey,US,45.0333,-93.0835,96.85,27,1,3.0,2021-06-04 21:23:48
497,Fort Frances,CA,48.5999,-93.4003,98.82,26,1,7.0,2021-06-04 21:19:10
498,Mount Isa,AU,-20.7333,139.5,58.77,55,55,11.5,2021-06-04 21:23:48
499,Chulym,RU,55.0997,80.9572,43.83,93,100,15.82,2021-06-04 21:23:49
500,Codrington,AU,-38.2667,141.9667,44.89,74,100,15.21,2021-06-04 21:23:49
501,Mossendjo,CG,-2.9506,12.7261,71.49,96,94,2.26,2021-06-04 21:23:49
502,Hemsedal,NO,60.8629,8.5534,58.32,77,100,2.51,2021-06-04 21:23:50
503,Waingapu,ID,-9.6567,120.2641,76.06,89,74,6.69,2021-06-04 21:23:50
504,Kyzyl-Suu,KG,42.3414,78.0056,55.06,66,81,4.47,2021-06-04 21:23:50
505,Along,IN,28.1667,94.7667,71.31,96,100,1.97,2021-06-04 21:23:51
506,College,US,64.8569,-147.8028,68.58,44,75,11.5,2021-06-04 21:19:43
507,Khandbari,NP,27.3747,87.2039,71.55,84,67,2.98,2021-06-04 21:23:51
508,Caborca,MX,30.5838,-111.101,96.49,9,4,15.28,2021-06-04 21:23:51
509,Khash,IR,28.2211,61.2158,81.82,9,0,4.56,2021-06-04 21:23:52
510,Mehamn,NO,71.0357,27.8492,44.51,92,94,14.92,2021-06-04 21:23:52
511,Victor Harbor,AU,-35.5667,138.6167,52.47,79,79,12.41,2021-06-04 21:23:52
512,Aden,YE,12.7794,45.0367,87.57,65,50,8.14,2021-06-04 21:19:37
513,Baker City,US,44.7749,-117.8344,85.93,34,1,10.36,2021-06-04 21:23:52
514,Bellavista,PE,-7.0561,-76.5911,81.68,66,36,0.72,2021-06-04 21:23:53
515,Kutum,SD,14.2,24.6667,75.45,56,3,10.96,2021-06-04 21:23:53
516,Mapiri,BO,-15.25,-68.1667,73.76,86,94,1.77,2021-06-04 21:23:53
517,Nieuw Nickerie,SR,5.95,-56.9833,79.95,84,24,9.84,2021-06-04 21:23:54
518,Erzurum,TR,40.0,41.5,51.48,85,0,5.84,2021-06-04 21:18:58
519,Sikeston,US,36.8767,-89.5879,84.24,45,40,3.44,2021-06-04 21:23:54
520,Acarau,BR,-2.8856,-40.12,80.08,73,4,17.36,2021-06-04 21:23:54
521,Creston,US,41.0586,-94.3614,89.04,35,1,11.5,2021-06-04 21:23:54
522,Kwinana,AU,-32.25,115.7667,48.54,77,10,8.25,2021-06-04 21:23:55
523,Sorong,ID,-0.8833,131.25,77.68,90,100,6.8,2021-06-04 21:23:55
524,Arona,ES,28.0996,-16.681,62.33,64,20,5.01,2021-06-04 21:23:55
525,Maceio,BR,-9.6658,-35.7353,78.24,83,20,9.1,2021-06-04 21:22:31
526,Makakilo City,US,21.3469,-158.0858,84.52,57,20,11.5,2021-06-04 21:23:56
527,Klyuchi,RU,52.2667,79.1667,42.89,83,85,18.72,2021-06-04 21:23:56
528,Anadyr,RU,64.75,177.4833,41.5,70,100,11.01,2021-06-04 21:23:56
529,Egvekinot,RU,66.3167,-179.1667,32.41,68,27,3.44,2021-06-04 21:23:57
530,Portales,US,34.1862,-103.3344,83.01,35,5,1.99,2021-06-04 21:23:57
531,Hit,IQ,33.6416,42.8251,86.0,18,4,12.1,2021-06-04 21:23:57
532,Kapuskasing,CA,49.4169,-82.4331,75.29,53,90,4.61,2021-06-04 21:23:58
533,Urubicha,BO,-15.3833,-62.95,86.14,41,46,3.18,2021-06-04 21:23:58
534,Hashtrud,IR,37.4779,47.0508,61.83,29,0,4.65,2021-06-04 21:23:58
535,Kasongo,CD,-4.45,26.6667,74.55,57,29,1.57,2021-06-04 21:23:58
536,Parainen,FI,60.3067,22.301,59.22,74,100,1.3,2021-06-04 21:23:59
537,Taltal,CL,-25.4,-70.4833,63.19,78,30,4.29,2021-06-04 21:23:59
538,Jinchang,CN,38.4953,102.1739,67.66,14,0,7.72,2021-06-04 21:23:59
539,Lakes Entrance,AU,-37.8811,147.981,38.17,74,9,8.23,2021-06-04 21:24:00
540,Guiyang,CN,26.5833,106.7167,52.29,93,0,2.24,2021-06-04 21:24:00
541,Musoma,TZ,-1.5,33.8,71.65,74,100,2.75,2021-06-04 21:24:00
542,Abu Dhabi,AE,24.4667,54.3667,89.62,74,0,10.11,2021-06-04 21:23:56
543,West Plains,US,36.7281,-91.8524,82.81,50,1,7.43,2021-06-04 21:24:01
544,Flinders,AU,-34.5833,150.8552,46.2,81,5,1.01,2021-06-04 21:24:01
545,Vernon,CA,50.2581,-119.2691,83.14,19,70,1.99,2021-06-04 21:24:01
546,Turayf,SA,31.6725,38.6637,75.45,41,0,12.66,2021-06-04 21:24:02
547,Paragominas,BR,-2.9667,-47.4833,80.06,71,97,3.09,2021-06-04 21:24:02
548,Poum,NC,-20.2333,164.0167,75.06,67,73,4.36,2021-06-04 21:24:03
549,Sao Jose Da Coroa Grande,BR,-8.8978,-35.1478,75.94,84,33,8.61,2021-06-04 21:24:03
550,Lovington,US,32.944,-103.3485,82.04,34,18,4.0,2021-06-04 21:24:03
551,Bayir,TR,37.2687,28.2167,66.72,52,0,5.39,2021-06-04 21:24:03
552,Moron,AR,-34.6534,-58.6198,66.02,82,100,1.01,2021-06-04 21:24:04
553,Sur,OM,22.5667,59.5289,89.87,54,0,6.11,2021-06-04 21:24:04
554,Mayor Pablo Lagerenza,PY,-19.9309,-60.7718,92.23,27,1,11.12,2021-06-04 21:24:04
555,Palana,RU,59.1167,159.9667,42.69,68,100,9.4,2021-06-04 21:24:05
556,Vestmanna,FO,62.1564,-7.1664,47.32,100,90,12.64,2021-06-04 21:24:05
557,Atar,MR,20.5169,-13.0499,96.06,20,7,11.81,2021-06-04 21:24:05
558,Sulphur Springs,US,33.1385,-95.6011,82.51,57,75,0.0,2021-06-04 21:24:06
559,Ozernovskiy,RU,51.5,156.5167,46.78,84,100,14.07,2021-06-04 21:24:06
560,Leisure City,US,25.4954,-80.4292,88.02,73,1,8.05,2021-06-04 21:24:06
561,Maibong,IN,25.3,93.1667,72.72,93,34,3.27,2021-06-04 21:24:07
562,Tual,ID,-5.6667,132.75,81.46,74,97,19.01,2021-06-04 21:24:07
563,Versalles,FR,48.8,2.1333,61.86,94,90,11.5,2021-06-04 21:24:07
564,Nabire,ID,-3.3667,135.4833,75.13,93,96,4.36,2021-06-04 21:24:08
565,Guadalupe Y Calvo,MX,26.1,-106.9667,74.14,22,74,8.19,2021-06-04 21:21:17
566,Karimpur,IN,23.9667,88.6167,84.83,72,46,7.67,2021-06-04 21:24:08
567,Kabare,CD,-2.4683,28.8242,59.9,93,40,1.07,2021-06-04 21:24:08
568,Lagos,NG,6.5833,3.75,82.72,81,92,4.32,2021-06-04 21:23:44
569,Iracoubo,GF,5.4802,-53.2011,78.44,87,44,9.98,2021-06-04 21:24:09
570,Ambilobe,MG,-13.2,49.05,70.16,92,4,2.89,2021-06-04 21:24:09
571,Encheng,CN,22.1839,112.3026,75.13,89,100,2.66,2021-06-04 21:24:09
572,Zhanaozen,KZ,43.3,52.8,73.49,39,0,22.64,2021-06-04 21:24:10
573,Grand Island,US,40.925,-98.342,91.35,24,1,12.66,2021-06-04 21:24:10
574,Skelleftea,SE,64.7507,20.9528,63.0,49,93,5.23,2021-06-04 21:24:10
575,Nikolayevsk-Na-Amure,RU,53.1406,140.73,41.97,97,100,8.77,2021-06-04 21:24:10
576,Tiksi,RU,71.6872,128.8694,42.91,82,100,10.71,2021-06-04 21:24:11
577,Puertollano,ES,38.6871,-4.1073,76.15,41,82,3.29,2021-06-04 21:24:11
578,Longhua,CN,23.6137,114.1919,69.55,92,99,2.57,2021-06-04 21:24:11
579,Ballina,AU,-28.8667,153.5667,55.36,67,3,10.36,2021-06-04 21:24:12
580,Gat,IL,31.61,34.7642,69.82,73,0,2.21,2021-06-04 21:24:12
581,Itarema,BR,-2.9248,-39.9167,79.84,72,3,15.88,2021-06-04 21:24:12
582,Dubuque,US,42.4833,-90.8668,90.57,29,1,14.12,2021-06-04 21:24:12
583,Seddon,AU,-37.8068,144.8916,43.75,84,0,10.36,2021-06-04 21:24:13
584,Borna,DE,51.1167,12.5,68.72,82,90,5.12,2021-06-04 21:24:13
585,Itacare,BR,-14.2775,-38.9967,73.29,88,92,11.14,2021-06-04 21:24:13
586,Svetlogorsk,BY,52.6333,29.7333,57.79,76,99,5.08,2021-06-04 21:24:14
587,Inuvik,CA,68.3499,-133.7218,43.56,75,90,10.36,2021-06-04 21:24:14
