City_ID,City,Country,Lat,Lng,Max Temp(C),Humidity,Cloudiness,Wind Speed,Current Description,Date
0,Cape Town,ZA,-33.9258,18.4232,22.23,27,0,5.91,clear sky,2021-06-06 22:56:22
1,Yellowknife,CA,62.456,-114.3525,10.31,53,100,1.79,overcast clouds,2021-06-06 23:00:20
2,Beatrice,US,40.2681,-96.747,29.36,57,40,3.6,scattered clouds,2021-06-06 23:03:47
3,Nome,US,64.5011,-165.4064,2.87,83,100,2.14,overcast clouds,2021-06-06 23:03:49
4,Georgetown,MY,5.4112,100.3354,26.96,90,20,1.32,few clouds,2021-06-06 23:00:14
5,Ullapool,GB,57.8987,-5.1604,12.19,81,99,0.89,overcast clouds,2021-06-06 23:03:51
6,Rikitea,PF,-23.1203,-134.9692,24.87,83,98,6.81,overcast clouds,2021-06-06 22:57:05
7,Ushuaia,AR,-54.8,-68.3,1.82,95,86,3.91,overcast clouds,2021-06-06 23:00:10
8,Busselton,AU,-33.65,115.3333,7.83,78,0,3.5,clear sky,2021-06-06 23:01:46
9,Te Anau,NZ,-45.4167,167.7167,5.84,84,12,0.54,few clouds,2021-06-06 23:03:57
10,Sibolga,ID,1.7427,98.7792,23.77,79,76,1.4,broken clouds,2021-06-06 23:03:58
11,Marawi,PH,7.9986,124.2928,18.14,86,99,0.85,overcast clouds,2021-06-06 23:01:42
12,Saskylakh,RU,71.9167,114.0833,4.02,56,77,2.05,broken clouds,2021-06-06 23:00:50
13,New Norfolk,AU,-42.7826,147.0587,14.4,78,100,0.89,overcast clouds,2021-06-06 23:00:05
14,Arraial Do Cabo,BR,-22.9661,-42.0278,23.34,86,100,9.15,overcast clouds,2021-06-06 23:04:05
15,Ust-Nera,RU,64.5667,143.2,17.45,62,100,3.03,overcast clouds,2021-06-06 23:04:06
16,Tamandare,BR,-8.7597,-35.1047,24.52,85,39,3.7,scattered clouds,2021-06-06 23:02:06
17,Albany,US,42.6001,-73.9662,29.86,55,46,2.25,scattered clouds,2021-06-06 23:01:10
18,Punta Arenas,CL,-53.15,-70.9167,5.06,75,0,5.28,clear sky,2021-06-06 22:58:55
19,Kapaa,US,22.0752,-159.319,28.44,70,20,1.34,few clouds,2021-06-06 23:02:23
20,Ribeira Grande,PT,38.5167,-28.7,18.42,87,100,3.42,overcast clouds,2021-06-06 23:00:44
21,Lithakia,GR,37.7167,20.8333,17.65,81,11,1.33,few clouds,2021-06-06 23:04:14
22,Atuona,PF,-9.8,-139.0333,26.77,62,61,3.01,broken clouds,2021-06-06 22:59:06
23,Tiksi,RU,71.6872,128.8694,6.57,64,100,0.69,overcast clouds,2021-06-06 23:04:16
24,Tasiilaq,GL,65.6145,-37.6368,5.09,91,98,2.34,overcast clouds,2021-06-06 23:04:18
25,Khatanga,RU,71.9667,102.5,1.34,89,97,3.12,overcast clouds,2021-06-06 23:00:47
26,Castro,BR,-24.7911,-50.0119,15.75,71,96,1.56,overcast clouds,2021-06-06 23:04:20
27,Mar Del Plata,AR,-38.0023,-57.5575,12.29,68,0,4.02,clear sky,2021-06-06 22:57:29
28,Narsaq,GL,60.9167,-46.05,12.12,66,100,1.52,overcast clouds,2021-06-06 23:04:22
29,Makinsk,KZ,52.6292,70.4169,11.12,46,5,1.34,clear sky,2021-06-06 23:04:24
30,Muncar,ID,-8.4333,114.3333,23.94,93,38,0.64,scattered clouds,2021-06-06 23:04:25
31,Vaini,TO,-21.2,-175.2,25.09,78,75,6.17,broken clouds,2021-06-06 22:57:02
32,Roma,US,43.2128,-75.4557,31.92,47,1,3.6,clear sky,2021-06-06 23:04:27
33,Shklo,UA,49.9567,23.5441,13.33,88,13,1.48,few clouds,2021-06-06 23:04:29
34,Brentwood,US,40.7812,-73.2462,32.3,60,75,1.79,broken clouds,2021-06-06 23:03:25
35,Sinop,TR,41.7711,34.8709,10.64,68,6,3.54,clear sky,2021-06-06 23:04:31
36,North Bend,US,43.4065,-124.2243,19.97,70,7,5.67,clear sky,2021-06-06 23:00:09
37,Mataura,NZ,-46.1927,168.8643,9.71,77,59,1.51,broken clouds,2021-06-06 22:59:52
38,Puerto Ayora,EC,-0.7393,-90.3518,23.64,90,38,0.89,scattered clouds,2021-06-06 23:00:39
39,Qaanaaq,GL,77.484,-69.3632,4.65,76,59,2.41,broken clouds,2021-06-06 22:58:23
40,Galesong,ID,-5.3166,119.3661,21.01,70,26,2.14,scattered clouds,2021-06-06 23:04:38
41,Provideniya,RU,64.3833,-173.3,7.06,61,75,3.0,broken clouds,2021-06-06 23:04:39
42,Ancud,CL,-41.8697,-73.8203,11.24,85,100,7.31,light rain,2021-06-06 23:04:41
43,Gushikawa,JP,26.3544,127.8686,24.0,88,90,3.76,mist,2021-06-06 23:04:42
44,Grand Gaube,MU,-20.0064,57.6608,21.88,85,12,0.89,light rain,2021-06-06 23:04:43
45,Mount Gambier,AU,-37.8333,140.7667,12.95,71,100,8.23,overcast clouds,2021-06-06 23:04:44
46,Clyde River,CA,70.4692,-68.5914,1.13,93,90,5.14,overcast clouds,2021-06-06 23:04:46
47,Carnarvon,AU,-24.8667,113.6333,19.66,48,100,6.75,overcast clouds,2021-06-06 23:00:21
48,Escuinapa,MX,22.85,-105.8,30.95,51,5,4.69,clear sky,2021-06-06 23:04:48
49,Coahuayana,MX,18.7333,-103.6833,33.71,54,79,3.01,broken clouds,2021-06-06 23:04:49
50,Iqaluit,CA,63.7506,-68.5145,0.85,93,75,2.24,light snow,2021-06-06 22:57:53
51,Barrow,US,71.2906,-156.7887,0.01,86,90,6.17,mist,2021-06-06 23:04:53
52,Batagay-Alyta,RU,67.8006,130.4114,9.48,52,96,3.79,overcast clouds,2021-06-06 23:02:35
53,Hermanus,ZA,-34.4187,19.2345,19.39,44,1,5.11,clear sky,2021-06-06 23:00:28
54,Millinocket,US,45.6573,-68.7098,29.01,61,1,0.0,clear sky,2021-06-06 23:04:56
55,East London,ZA,-33.0153,27.9116,16.82,39,0,4.13,clear sky,2021-06-06 22:58:53
56,Tinskoy,RU,56.1525,96.9161,10.43,75,67,5.64,light rain,2021-06-06 23:05:00
57,Mpika,ZM,-11.8343,31.4529,11.96,75,98,3.17,overcast clouds,2021-06-06 23:05:01
58,Thompson,CA,55.7435,-97.8558,17.0,69,100,3.74,overcast clouds,2021-06-06 23:02:51
59,Saint-Philippe,RE,-21.3585,55.7679,22.77,86,77,6.18,light rain,2021-06-06 22:57:20
60,Olafsvik,IS,64.8945,-23.7142,8.39,88,100,1.69,overcast clouds,2021-06-06 23:05:06
61,Matina,CR,10.0761,-83.2895,27.65,81,45,1.38,scattered clouds,2021-06-06 23:05:07
62,Hobart,AU,-42.8794,147.3294,14.59,76,75,1.79,broken clouds,2021-06-06 22:59:59
63,Labuhan,ID,-6.8844,112.2051,25.13,87,15,2.73,few clouds,2021-06-06 23:05:09
64,Faanui,PF,-16.4833,-151.75,27.21,77,82,5.24,broken clouds,2021-06-06 23:01:14
65,Geraldton,AU,-28.7667,114.6,13.23,82,94,7.9,overcast clouds,2021-06-06 23:00:28
66,Mareeba,AU,-17.0,145.4333,20.24,87,86,2.65,overcast clouds,2021-06-06 23:05:13
67,Pisco,PE,-13.7,-76.2167,18.34,82,3,2.65,clear sky,2021-06-06 23:01:04
68,Severo-Kurilsk,RU,50.6789,156.125,6.11,93,100,4.87,overcast clouds,2021-06-06 22:58:40
69,Altamira,BR,-3.2033,-52.2064,25.69,71,55,0.81,broken clouds,2021-06-06 23:05:16
70,Lompoc,US,34.6391,-120.4579,24.45,73,11,4.02,few clouds,2021-06-06 22:59:22
71,Lebu,CL,-37.6167,-73.65,9.33,79,91,1.88,overcast clouds,2021-06-06 22:59:57
72,Cidreira,BR,-30.1811,-50.2056,17.25,76,100,4.94,moderate rain,2021-06-06 23:02:29
73,Bluff,NZ,-46.6,168.3333,9.89,80,61,3.72,broken clouds,2021-06-06 23:01:29
74,Gat,IL,31.61,34.7642,20.38,74,0,0.61,clear sky,2021-06-06 23:02:05
75,Lincoln,US,40.8,-96.667,29.66,58,1,1.79,clear sky,2021-06-06 23:05:23
76,Kurya,RU,51.6003,82.2888,9.77,84,1,2.66,clear sky,2021-06-06 23:05:24
77,Chokurdakh,RU,70.6333,147.9167,3.82,68,99,2.58,overcast clouds,2021-06-06 23:02:44
78,Saint Anthony,US,45.0205,-93.218,33.18,38,1,2.24,clear sky,2021-06-06 23:01:07
79,Kenai,US,60.5544,-151.2583,20.57,66,10,3.32,clear sky,2021-06-06 23:05:28
80,Itoman,JP,26.1247,127.6694,24.43,92,75,6.17,broken clouds,2021-06-06 23:05:29
81,Kahului,US,20.8947,-156.47,26.58,75,30,4.92,scattered clouds,2021-06-06 23:05:30
82,Krasnovishersk,RU,60.4078,57.082,11.5,76,83,0.77,broken clouds,2021-06-06 23:05:32
83,Mount Isa,AU,-20.7333,139.5,15.87,41,0,1.54,clear sky,2021-06-06 23:05:33
84,Buluang,PH,13.3068,123.3425,26.9,85,100,0.37,overcast clouds,2021-06-06 23:05:34
85,Xinye,CN,32.5186,112.3522,25.54,59,99,5.55,overcast clouds,2021-06-06 23:05:36
86,Souillac,MU,-20.5167,57.5167,21.87,85,60,5.53,light rain,2021-06-06 23:00:44
87,Fortuna,US,40.5982,-124.1573,21.22,60,20,2.68,few clouds,2021-06-06 23:05:38
88,Along,IN,28.1667,94.7667,22.07,99,100,0.78,overcast clouds,2021-06-06 23:05:39
89,Ponta Do Sol,PT,32.6667,-17.1,19.35,75,4,2.63,clear sky,2021-06-06 22:58:17
90,Zhangjiakou,CN,40.81,114.8794,21.02,40,98,4.63,overcast clouds,2021-06-06 23:05:42
91,Callaway,US,30.153,-85.5699,29.39,76,1,3.13,clear sky,2021-06-06 23:05:43
92,Rabo De Peixe,PT,37.8,-25.5833,17.73,88,20,1.32,few clouds,2021-06-06 23:05:44
93,Mahebourg,MU,-20.4081,57.7,21.81,83,38,6.34,light rain,2021-06-06 23:01:23
94,Maldonado,UY,-34.6667,-54.9167,10.13,90,22,2.18,few clouds,2021-06-06 23:05:47
95,Hilo,US,19.7297,-155.09,30.16,70,28,4.09,light rain,2021-06-06 22:59:01
96,Tuatapere,NZ,-46.1333,167.6833,9.9,79,18,2.07,few clouds,2021-06-06 23:05:49
97,Zabaykalsk,RU,49.6333,117.3167,18.88,36,0,3.86,clear sky,2021-06-06 23:05:50
98,Avarua,CK,-21.2078,-159.775,25.03,61,75,1.54,broken clouds,2021-06-06 22:59:54
99,Bethel,US,41.3712,-73.414,31.6,64,34,2.12,scattered clouds,2021-06-06 22:58:16
100,Vieste,IT,41.8825,16.175,19.65,80,58,2.46,broken clouds,2021-06-06 23:05:54
101,Jamestown,US,42.097,-79.2353,27.83,82,63,1.75,broken clouds,2021-06-06 22:59:57
102,Nogales,MX,31.3086,-110.9422,34.55,12,1,11.07,clear sky,2021-06-06 23:05:56
103,Airai,TL,-8.9266,125.4092,15.53,72,47,1.14,scattered clouds,2021-06-06 23:02:06
104,Hanna,CA,51.6334,-111.9018,18.26,35,82,1.34,broken clouds,2021-06-06 23:01:39
105,Tema,GH,5.667,-0.0166,26.93,80,44,4.76,scattered clouds,2021-06-06 23:06:00
106,Fairbanks,US,64.8378,-147.7164,20.19,55,90,6.17,light rain,2021-06-06 23:06:01
107,Banepa,NP,27.6298,85.5214,21.18,88,75,1.34,broken clouds,2021-06-06 23:06:02
108,Tuktoyaktuk,CA,69.4541,-133.0374,2.0,69,90,4.12,overcast clouds,2021-06-06 22:58:59
109,Hobbs,US,32.7026,-103.136,36.22,19,1,0.89,clear sky,2021-06-06 23:06:05
110,Jacareacanga,BR,-6.2222,-57.7528,26.0,72,99,0.47,overcast clouds,2021-06-06 23:03:12
111,Yar-Sale,RU,66.8333,70.8333,1.71,86,61,4.16,broken clouds,2021-06-06 23:06:08
112,Alofi,NU,-19.0595,-169.9187,24.94,59,54,4.48,broken clouds,2021-06-06 23:06:10
113,Ust-Uda,RU,54.1742,103.0304,8.93,81,43,1.25,scattered clouds,2021-06-06 23:06:11
114,Severouralsk,RU,60.1533,59.952,9.97,75,71,1.93,broken clouds,2021-06-06 23:06:12
115,Camacha,PT,33.0833,-16.3333,17.42,77,40,3.6,scattered clouds,2021-06-06 23:06:14
116,Port Hedland,AU,-20.3167,118.5667,22.03,33,61,5.14,broken clouds,2021-06-06 23:06:15
117,Nanortalik,GL,60.1432,-45.2371,6.82,74,100,6.22,overcast clouds,2021-06-06 23:06:16
118,Bredasdorp,ZA,-34.5322,20.0403,14.04,47,4,2.96,clear sky,2021-06-06 22:59:17
119,Dikson,RU,73.5069,80.5464,-1.47,92,100,5.35,overcast clouds,2021-06-06 22:55:59
120,Konotop,UA,51.2403,33.2026,11.95,94,76,2.0,broken clouds,2021-06-06 23:06:20
121,Kijang,KR,35.2442,129.2139,22.85,63,1,3.26,clear sky,2021-06-06 23:06:21
122,Necochea,AR,-38.5473,-58.7368,7.24,57,100,3.05,overcast clouds,2021-06-06 23:06:23
123,Nikolskoye,RU,59.7035,30.7861,15.94,83,70,1.63,broken clouds,2021-06-06 23:01:05
124,Torbay,CA,47.6666,-52.7314,6.53,89,75,7.72,broken clouds,2021-06-06 23:06:25
125,Nefteyugansk,RU,61.0998,72.6035,6.14,61,83,2.11,broken clouds,2021-06-06 23:06:26
126,Carros,FR,43.7894,7.184,17.95,88,75,1.86,broken clouds,2021-06-06 23:06:28
127,Kaitangata,NZ,-46.2817,169.8464,9.53,73,74,2.21,broken clouds,2021-06-06 23:06:29
128,Puerto Ayacucho,VE,5.6639,-67.6236,25.8,87,81,0.56,heavy intensity rain,2021-06-06 23:06:30
129,Codrington,AU,-38.2667,141.9667,14.04,62,100,10.09,overcast clouds,2021-06-06 22:58:14
130,Gladstone,AU,-23.85,151.25,19.32,58,40,3.09,scattered clouds,2021-06-06 23:06:34
131,Chumikan,RU,54.7183,135.315,4.84,84,88,1.99,overcast clouds,2021-06-06 23:05:08
132,Hervey Bay,AU,-25.2986,152.8535,20.02,77,1,1.79,clear sky,2021-06-06 23:06:36
133,Port Elizabeth,ZA,-33.918,25.5701,16.82,28,0,4.38,clear sky,2021-06-06 23:02:26
134,Kaeo,NZ,-35.1,173.7833,15.74,96,100,6.17,moderate rain,2021-06-06 23:06:39
135,Ust-Abakan,RU,53.8525,91.3742,8.95,87,0,2.02,clear sky,2021-06-06 23:06:40
136,Port Alfred,ZA,-33.5906,26.891,17.81,35,0,3.73,clear sky,2021-06-06 23:06:41
137,Puerto Leguizamo,CO,-0.1934,-74.7819,23.77,96,88,0.78,overcast clouds,2021-06-06 23:06:43
138,Darhan,MN,49.4867,105.9228,6.74,91,100,4.6,overcast clouds,2021-06-06 23:06:44
139,Mitsamiouli,KM,-11.3847,43.2844,25.86,69,57,7.15,broken clouds,2021-06-06 23:06:45
140,Nouadhibou,MR,20.931,-17.0347,19.24,82,94,10.32,overcast clouds,2021-06-06 23:05:52
141,Dunedin,NZ,-45.8742,170.5036,12.11,71,97,2.68,overcast clouds,2021-06-06 23:06:48
142,Meulaboh,ID,4.1363,96.1285,23.44,88,100,2.41,moderate rain,2021-06-06 23:06:49
143,Mahon,ES,39.8885,4.2658,16.31,88,0,2.06,clear sky,2021-06-06 23:06:50
144,Lyuban,BY,52.7985,28.0048,12.41,92,10,3.43,clear sky,2021-06-06 23:06:52
145,Butaritari,KI,3.0707,172.7902,28.1,72,12,3.79,light rain,2021-06-06 23:06:53
146,Manokwari,ID,-0.8667,134.0833,26.54,77,100,0.54,overcast clouds,2021-06-06 23:03:36
147,Garissa,KE,-0.4536,39.6401,24.05,71,9,8.11,clear sky,2021-06-06 23:06:55
148,Stanger,ZA,-29.3282,31.2895,15.0,87,0,3.51,clear sky,2021-06-06 23:06:57
149,Klaksvik,FO,62.2266,-6.589,9.51,99,100,6.96,overcast clouds,2021-06-06 23:06:58
150,Berlevag,NO,70.8578,29.0864,4.03,72,6,0.35,clear sky,2021-06-06 23:06:59
151,Coihaique,CL,-45.5752,-72.0662,6.97,81,75,3.09,light rain,2021-06-06 23:07:01
152,Mizdah,LY,31.4451,12.9801,25.37,22,10,4.41,clear sky,2021-06-06 23:07:03
153,Coari,BR,-4.085,-63.1414,24.86,91,80,1.09,broken clouds,2021-06-06 23:07:04
154,Baykit,RU,61.67,96.37,4.11,61,62,1.64,broken clouds,2021-06-06 23:07:06
155,Kodiak,US,57.79,-152.4072,13.27,52,12,2.74,few clouds,2021-06-06 23:07:07
156,Victoria,HK,22.2855,114.1577,28.03,86,47,3.13,scattered clouds,2021-06-06 23:02:59
157,Norman Wells,CA,65.282,-126.8329,11.02,71,75,2.57,light rain,2021-06-06 23:07:10
158,Talnakh,RU,69.4865,88.3972,-0.23,97,100,2.33,light snow,2021-06-06 23:07:11
159,Solnechnyy,RU,50.7214,136.6319,13.23,84,78,1.81,broken clouds,2021-06-06 23:07:12
160,Pangnirtung,CA,66.1451,-65.7125,0.27,93,26,1.28,scattered clouds,2021-06-06 23:07:14
161,Stephenville,US,32.2207,-98.2023,30.53,65,40,4.63,scattered clouds,2021-06-06 23:07:15
162,Hasaki,JP,35.7333,140.8333,21.77,83,100,0.5,overcast clouds,2021-06-06 23:07:16
163,San Carlos,VE,9.6612,-68.5827,23.03,96,100,0.97,overcast clouds,2021-06-06 23:07:17
164,Alice Springs,AU,-23.7,133.8833,4.75,75,12,1.37,few clouds,2021-06-06 23:06:01
165,Padang,ID,-0.9492,100.3543,24.22,78,78,1.71,broken clouds,2021-06-06 23:07:20
166,Redcliffe,AU,-27.2307,153.0973,17.3,60,75,3.16,broken clouds,2021-06-06 23:07:21
167,Kirakira,SB,-10.4544,161.9205,27.81,78,76,3.49,light rain,2021-06-06 23:05:33
168,Vrangel,RU,42.7297,133.0839,15.72,72,46,0.75,scattered clouds,2021-06-06 23:07:25
169,Moron,AR,-34.6534,-58.6198,11.68,82,99,1.34,light rain,2021-06-06 23:07:26
170,Gimli,CA,50.6336,-96.9907,26.14,50,41,8.34,scattered clouds,2021-06-06 23:07:29
171,Cerqueira Cesar,BR,-23.0356,-49.1661,19.16,48,91,1.94,overcast clouds,2021-06-06 23:07:30
172,Darnah,LY,32.767,22.6367,21.2,69,1,4.8,clear sky,2021-06-06 23:07:31
173,Tessalit,ML,20.1986,1.0114,34.95,13,48,2.22,scattered clouds,2021-06-06 23:07:34
174,Cherskiy,RU,68.75,161.3,20.02,35,100,8.67,overcast clouds,2021-06-06 23:07:35
175,Leningradskiy,RU,69.3833,178.4167,5.47,71,17,6.47,few clouds,2021-06-06 23:07:36
176,Pembroke,CA,45.8168,-77.1162,32.32,40,57,4.48,broken clouds,2021-06-06 23:06:40
177,Antigonish,CA,45.6169,-61.9986,13.9,80,86,1.89,overcast clouds,2021-06-06 23:07:39
178,Praia,CV,14.9215,-23.5087,23.3,73,40,8.75,scattered clouds,2021-06-06 23:07:40
179,Shenzhen,CN,22.5455,114.0683,27.93,83,60,3.02,broken clouds,2021-06-06 23:07:42
180,Port Lincoln,AU,-34.7333,135.8667,16.01,52,94,10.64,overcast clouds,2021-06-06 23:07:43
181,Kafanchan,NG,9.5833,8.3,21.22,94,62,1.67,broken clouds,2021-06-06 23:07:44
182,Abengourou,CI,6.7297,-3.4964,22.9,96,13,2.12,few clouds,2021-06-06 23:07:46
183,Fare,PF,-16.7,-151.0167,27.05,73,49,4.32,scattered clouds,2021-06-06 23:07:47
184,Monte Patria,CL,-30.6919,-70.9467,17.16,61,61,1.41,broken clouds,2021-06-06 23:07:48
185,Kruisfontein,ZA,-34.0033,24.7314,13.64,22,2,3.69,clear sky,2021-06-06 23:07:50
186,Margate,GB,51.3813,1.3862,17.24,87,54,0.89,broken clouds,2021-06-06 23:07:51
187,Pangkalanbuun,ID,-2.6833,111.6167,23.31,98,82,1.09,light rain,2021-06-06 23:07:52
188,Nhulunbuy,AU,-12.2333,136.7667,27.34,74,90,5.66,overcast clouds,2021-06-06 23:07:54
189,Yakeshi,CN,49.2833,120.7333,15.78,57,2,2.27,clear sky,2021-06-06 23:07:55
190,Dauphin,CA,51.1494,-100.0502,24.08,29,1,11.83,clear sky,2021-06-06 23:07:56
191,Mayor Pablo Lagerenza,PY,-19.9309,-60.7718,20.96,76,29,2.26,scattered clouds,2021-06-06 23:07:58
192,Longyearbyen,SJ,78.2186,15.6401,1.91,75,0,3.6,clear sky,2021-06-06 23:07:59
193,Koshurnikovo,RU,54.1667,93.3,6.21,97,98,1.19,overcast clouds,2021-06-06 23:08:01
194,Saldanha,ZA,-33.0117,17.9442,20.37,36,2,11.97,clear sky,2021-06-06 23:08:02
195,Lagoa,PT,39.05,-27.9833,17.68,88,100,5.23,overcast clouds,2021-06-06 23:08:03
196,Sakakah,SA,29.9697,40.2064,27.67,18,0,4.22,clear sky,2021-06-06 23:08:06
197,Inhambane,MZ,-23.865,35.3833,19.56,74,82,4.9,light rain,2021-06-06 23:08:07
198,Bajil,YE,15.0584,43.2851,32.24,46,5,2.71,clear sky,2021-06-06 23:08:08
199,Chuy,UY,-33.6971,-53.4616,10.21,79,83,2.66,broken clouds,2021-06-06 23:08:10
200,Nicoya,CR,10.1483,-85.452,27.75,72,95,1.56,overcast clouds,2021-06-06 23:08:11
201,Dicabisagan,PH,17.0818,122.4157,27.47,83,99,1.47,overcast clouds,2021-06-06 23:08:12
202,Wakkanai,JP,45.4094,141.6739,11.49,93,91,5.28,overcast clouds,2021-06-06 23:08:13
203,Katsuura,JP,35.1333,140.3,22.88,90,97,0.51,overcast clouds,2021-06-06 23:08:15
204,Buala,SB,-8.145,159.5921,29.0,72,48,3.87,light rain,2021-06-06 23:08:16
205,Hithadhoo,MV,-0.6,73.0833,28.19,73,11,5.52,few clouds,2021-06-06 23:08:17
206,Tonekabon,IR,36.8163,50.8738,20.97,86,62,1.65,broken clouds,2021-06-06 23:08:19
207,Cockburn Town,TC,21.4612,-71.1419,26.65,80,18,9.83,few clouds,2021-06-06 23:08:20
208,Nishihara,JP,26.1842,127.7558,24.03,91,90,2.76,mist,2021-06-06 23:08:21
209,Igrim,RU,63.1906,64.4162,3.43,58,51,1.77,broken clouds,2021-06-06 23:08:22
210,Cairns,AU,-16.9167,145.7667,22.97,86,90,4.12,overcast clouds,2021-06-06 23:08:24
211,Warrnambool,AU,-38.3833,142.4833,13.78,61,100,11.02,overcast clouds,2021-06-06 23:08:25
212,Mezen,RU,65.8522,44.24,1.13,80,9,2.36,clear sky,2021-06-06 23:08:26
213,Kieta,PG,-6.2167,155.6333,28.06,78,84,2.13,light rain,2021-06-06 23:08:29
214,Kikuyu,KE,-1.2458,36.6633,10.97,92,46,1.32,scattered clouds,2021-06-06 23:08:30
215,Faya,SA,18.3851,42.4509,20.29,48,6,1.23,clear sky,2021-06-06 23:08:31
216,Marabba,SD,12.35,32.1833,27.16,51,99,9.22,light rain,2021-06-06 23:08:33
217,Riyadh,SA,24.6877,46.7219,34.08,16,0,2.57,clear sky,2021-06-06 23:08:34
218,Esperance,AU,-33.8667,121.9,14.26,61,100,12.25,overcast clouds,2021-06-06 23:08:35
219,Emerald,AU,-23.5333,148.1667,15.75,43,0,3.19,clear sky,2021-06-06 23:08:36
220,Touros,BR,-5.1989,-35.4608,24.5,86,12,5.74,few clouds,2021-06-06 23:08:39
221,Susanville,US,40.4163,-120.653,27.91,21,1,8.94,clear sky,2021-06-06 23:08:40
222,Bengkulu,ID,-3.8004,102.2655,23.1,89,25,1.66,scattered clouds,2021-06-06 23:08:41
223,Siilinjarvi,FI,63.0833,27.6667,17.01,67,0,3.99,clear sky,2021-06-06 23:08:43
224,Pavlovka,RU,52.6897,47.1405,13.01,90,52,0.98,broken clouds,2021-06-06 23:08:44
225,Tura,IN,25.5198,90.2201,22.19,98,82,3.34,broken clouds,2021-06-06 23:08:45
226,Charlestown,AU,-32.95,151.6667,12.34,75,62,1.34,broken clouds,2021-06-06 23:06:03
227,Tshikapa,CD,-6.4167,20.8,24.46,49,69,0.94,broken clouds,2021-06-06 23:08:48
228,Saint-Augustin,CA,51.226,-58.6502,12.76,56,64,5.44,broken clouds,2021-06-06 23:08:49
229,Kavieng,PG,-2.5744,150.7967,27.95,75,56,2.72,light rain,2021-06-06 23:08:50
230,Kot Radha Kishan,PK,31.1725,74.0997,32.06,27,0,1.85,clear sky,2021-06-06 23:08:52
231,Bure,ET,10.7,37.0667,15.6,68,43,1.49,scattered clouds,2021-06-06 23:08:53
232,Wagar,SD,16.1525,36.2032,33.38,22,56,2.99,broken clouds,2021-06-06 23:08:54
233,Sechura,PE,-5.5569,-80.8222,22.67,67,96,7.56,overcast clouds,2021-06-06 23:08:55
234,Sanchazi,CN,42.0817,126.6003,14.97,85,3,1.14,clear sky,2021-06-06 23:08:57
235,Progreso,MX,21.2833,-89.6667,36.06,72,84,7.75,broken clouds,2021-06-06 23:08:58
236,Lorengau,PG,-2.0226,147.2712,28.25,70,90,2.64,overcast clouds,2021-06-06 23:08:59
237,Malanje,AO,-9.5402,16.341,16.15,49,52,1.37,broken clouds,2021-06-06 23:09:01
238,Caranavi,BO,-15.8167,-67.55,16.96,99,62,0.49,broken clouds,2021-06-06 23:09:02
239,Whitehorse,CA,60.7161,-135.0538,10.17,81,100,6.71,moderate rain,2021-06-06 23:09:03
240,Champerico,GT,14.3,-91.9167,30.75,69,42,3.15,scattered clouds,2021-06-06 23:09:04
241,Bukachacha,RU,52.9833,116.9167,18.72,41,23,1.94,few clouds,2021-06-06 23:09:06
242,Bredy,RU,52.4153,60.3411,14.16,42,90,1.71,overcast clouds,2021-06-06 23:09:07
243,Husavik,IS,66.0449,-17.3389,8.47,82,72,1.51,broken clouds,2021-06-06 23:09:08
244,San Quintin,MX,30.4833,-115.95,18.65,64,13,4.82,few clouds,2021-06-06 23:09:10
245,Tevaitoa,PF,-16.7833,-151.5,27.1,77,72,5.13,light rain,2021-06-06 23:09:11
246,Boddam,GB,57.4667,-1.7833,11.73,82,93,1.43,overcast clouds,2021-06-06 23:09:12
247,Luderitz,NA,-26.6481,15.1594,20.29,31,1,4.49,clear sky,2021-06-06 23:09:14
248,Lakhipur,IN,26.0299,90.3041,23.87,96,89,2.88,heavy intensity rain,2021-06-06 23:09:15
249,Chapais,CA,49.7834,-74.8492,25.04,38,71,2.83,broken clouds,2021-06-06 23:09:16
250,Paracuru,BR,-3.41,-39.0306,27.28,83,17,3.94,few clouds,2021-06-06 23:09:17
251,Salalah,OM,17.0151,54.0924,29.05,89,40,2.57,scattered clouds,2021-06-06 23:09:19
252,Pijijiapan,MX,15.7011,-93.23,29.65,78,45,2.48,scattered clouds,2021-06-06 23:09:20
253,Tongchuan,CN,35.0806,109.0897,24.94,35,80,2.37,broken clouds,2021-06-06 23:09:21
254,Sur,OM,22.5667,59.5289,28.79,78,0,5.09,clear sky,2021-06-06 23:09:23
255,Vila Franca Do Campo,PT,37.7167,-25.4333,18.23,86,100,0.82,overcast clouds,2021-06-06 23:09:24
256,Hobyo,SO,5.3505,48.5268,25.76,89,25,10.42,scattered clouds,2021-06-06 23:09:26
257,Burgeo,CA,47.6167,-57.6152,13.41,64,15,6.22,few clouds,2021-06-06 23:09:28
258,Beloha,MG,-25.1667,45.05,16.24,79,16,5.45,few clouds,2021-06-06 23:09:29
259,Saint George,US,37.1041,-113.5841,39.26,11,1,1.79,clear sky,2021-06-06 23:09:30
260,Kuala Terengganu,MY,5.3302,103.1408,25.97,84,100,1.82,overcast clouds,2021-06-06 23:09:32
261,Samarai,PG,-10.6167,150.6667,25.93,88,99,6.88,overcast clouds,2021-06-06 23:06:02
262,Mandera,KE,3.9366,41.867,26.78,60,76,7.88,broken clouds,2021-06-06 23:09:34
263,Hambantota,LK,6.1241,81.1185,26.36,85,100,6.19,overcast clouds,2021-06-06 23:09:35
264,Havelock,US,34.8791,-76.9013,28.36,83,69,1.34,broken clouds,2021-06-06 23:09:37
265,Leeton,AU,-34.5667,146.4,9.97,67,100,3.15,overcast clouds,2021-06-06 23:09:38
266,Messina,IT,38.1933,15.5497,23.3,57,40,0.89,scattered clouds,2021-06-06 23:09:39
267,Bambous Virieux,MU,-20.3428,57.7575,21.79,82,35,6.45,light rain,2021-06-06 23:09:40
268,Mirabad,AF,30.4362,61.8383,33.29,18,0,6.96,clear sky,2021-06-06 23:09:42
269,Westport,US,41.1415,-73.3579,32.79,54,1,0.45,clear sky,2021-06-06 23:09:43
270,Naberera,TZ,-4.2,36.9333,14.61,83,93,4.13,overcast clouds,2021-06-06 23:09:45
271,Upernavik,GL,72.7868,-56.1549,3.21,84,66,2.04,broken clouds,2021-06-06 23:09:47
272,Lavrentiya,RU,65.5833,-171.0,1.55,94,100,1.45,light rain,2021-06-06 23:09:48
273,Kiama,AU,-34.6833,150.8667,15.7,67,89,2.71,overcast clouds,2021-06-06 23:09:48
274,Davila,PH,18.4726,120.5763,28.5,74,100,0.83,overcast clouds,2021-06-06 23:09:50
275,Nichinan,JP,31.6,131.3667,21.53,86,100,2.66,overcast clouds,2021-06-06 23:09:52
276,Stokmarknes,NO,68.5646,14.9108,14.72,67,83,1.72,broken clouds,2021-06-06 23:09:53
277,Richards Bay,ZA,-28.783,32.0377,14.48,80,0,3.24,clear sky,2021-06-06 23:09:54
278,Sarangani,PH,5.4033,125.4636,28.07,74,99,1.97,overcast clouds,2021-06-06 23:09:56
279,Dingle,PH,10.9995,122.6711,25.82,82,100,0.91,light rain,2021-06-06 23:09:57
280,Tomatlan,MX,19.9333,-105.25,32.48,45,45,4.67,scattered clouds,2021-06-06 23:09:58
281,Manta,EC,-0.95,-80.7333,23.88,78,90,5.66,overcast clouds,2021-06-06 23:09:59
282,Mukdahan,TH,16.5833,104.5,24.73,92,100,0.7,moderate rain,2021-06-06 23:10:01
283,Thinadhoo,MV,0.5333,72.9333,28.12,74,13,5.24,few clouds,2021-06-06 23:10:03
284,Llangefni,GB,53.2556,-4.3106,13.7,87,42,2.19,scattered clouds,2021-06-06 23:10:04
285,Fuxin,CN,42.0156,121.6589,21.21,46,29,1.88,scattered clouds,2021-06-06 23:10:06
286,Naze,JP,28.3667,129.4833,20.66,94,100,1.52,light rain,2021-06-06 23:10:07
287,Nizhneangarsk,RU,55.7833,109.55,7.28,71,100,2.08,overcast clouds,2021-06-06 23:10:08
288,Harer,ET,9.3094,42.1258,15.23,83,32,0.71,scattered clouds,2021-06-06 23:10:10
289,Sri Aman,MY,1.2376,111.4621,23.19,96,100,0.7,overcast clouds,2021-06-06 23:10:11
290,Auki,SB,-8.7676,160.7034,28.75,70,12,1.38,few clouds,2021-06-06 23:10:12
291,Paita,PE,-5.0892,-81.1144,20.16,80,90,6.76,overcast clouds,2021-06-06 23:10:13
292,Abakaliki,NG,6.3163,8.1169,24.09,89,99,1.92,overcast clouds,2021-06-06 23:10:15
293,Opuwo,NA,-18.0607,13.84,13.27,46,1,1.81,clear sky,2021-06-06 23:10:16
294,Guerrero Negro,MX,27.9769,-114.0611,20.83,60,69,7.6,broken clouds,2021-06-06 23:10:17
295,Ola,RU,59.5833,151.2833,9.16,75,40,2.17,scattered clouds,2021-06-06 23:10:19
296,Sorland,NO,67.667,12.6934,11.23,84,99,3.25,overcast clouds,2021-06-06 23:10:20
297,Oum Hadjer,TD,13.2954,19.6966,33.46,32,76,3.32,broken clouds,2021-06-06 23:10:22
298,Mathbaria,BD,22.2876,89.9593,29.04,83,100,5.05,overcast clouds,2021-06-06 23:10:24
299,San Isidro,PE,-12.1167,-77.05,18.9,86,90,3.98,overcast clouds,2021-06-06 23:10:25
300,Ahipara,NZ,-35.1667,173.1667,16.53,89,100,4.08,moderate rain,2021-06-06 23:10:26
301,Mocuba,MZ,-16.8392,36.9856,16.42,95,88,1.55,overcast clouds,2021-06-06 23:10:27
302,Zhuhai,CN,22.2769,113.5678,27.84,83,40,5.05,scattered clouds,2021-06-06 23:10:29
303,El Higo,MX,21.7667,-98.4667,38.86,30,83,6.19,broken clouds,2021-06-06 23:10:30
304,Talcahuano,CL,-36.7167,-73.1167,8.82,81,98,1.03,overcast clouds,2021-06-06 23:10:31
305,Vardo,NO,70.3705,31.1107,3.97,74,6,0.84,clear sky,2021-06-06 23:10:33
306,Luanda,AO,-8.8368,13.2343,22.79,92,53,3.0,broken clouds,2021-06-06 23:10:34
307,Dongsheng,CN,39.8161,109.9776,19.84,43,100,6.04,overcast clouds,2021-06-06 23:10:35
308,Puerto Rondon,CO,6.2805,-71.1,22.95,97,100,3.37,overcast clouds,2021-06-06 23:10:36
309,Kavaratti,IN,10.5669,72.642,27.82,78,100,5.59,overcast clouds,2021-06-06 23:10:38
310,Coquimbo,CL,-29.9533,-71.3436,12.85,87,90,2.92,overcast clouds,2021-06-06 23:10:39
311,Berbera,SO,10.4396,45.0143,32.95,46,0,4.9,clear sky,2021-06-06 23:10:40
312,Lucea,JM,18.451,-78.1736,28.92,78,27,4.78,scattered clouds,2021-06-06 23:10:42
313,Ketchikan,US,55.3422,-131.6461,12.26,82,75,6.69,light rain,2021-06-06 23:06:12
314,Asau,RO,46.4333,26.4,13.55,78,4,2.17,clear sky,2021-06-06 23:10:44
315,Rawson,AR,-43.3002,-65.1023,9.79,51,53,9.6,broken clouds,2021-06-06 23:10:45
316,Hanzhong,CN,33.0728,107.0303,21.97,62,99,0.36,overcast clouds,2021-06-06 23:10:48
317,Ambato,EC,-1.2491,-78.6168,13.44,95,97,1.5,light rain,2021-06-06 23:06:15
318,Gundlupet,IN,11.8,76.6833,19.95,94,95,1.5,overcast clouds,2021-06-06 23:10:50
319,Najran,SA,17.4924,44.1277,26.71,25,8,3.0,clear sky,2021-06-06 23:10:51
320,Manjeshwar,IN,12.7194,74.8861,26.53,82,100,1.03,overcast clouds,2021-06-06 23:10:53
321,Ovalle,CL,-30.5983,-71.2003,16.83,64,51,1.89,broken clouds,2021-06-06 23:10:54
322,Waipawa,NZ,-41.4122,175.5153,11.92,82,100,3.05,overcast clouds,2021-06-06 23:10:55
323,Alugan,PH,12.2188,125.4808,26.11,86,100,1.57,overcast clouds,2021-06-06 23:10:57
324,Petrozavodsk,RU,61.7849,34.3469,13.7,88,98,3.1,light rain,2021-06-06 23:10:58
325,San Patricio,US,28.017,-97.5169,32.23,73,14,6.45,few clouds,2021-06-06 23:10:59
326,Chuzhou,CN,32.3219,118.2978,24.78,67,98,2.55,light rain,2021-06-06 23:11:01
327,Florianopolis,BR,-27.6146,-48.5012,18.68,83,90,1.79,light rain,2021-06-06 23:11:03
328,Pasaje,EC,-3.3333,-79.8167,22.84,94,100,0.9,light rain,2021-06-06 23:11:05
329,Bonavista,CA,48.6499,-53.1147,3.98,85,75,8.01,broken clouds,2021-06-06 23:11:06
330,Bilma,NE,18.6853,12.9164,33.31,16,99,3.51,overcast clouds,2021-06-06 23:11:07
331,Beringovskiy,RU,63.05,179.3167,1.49,99,100,2.07,light rain,2021-06-06 23:11:08
332,French Harbor,HN,16.35,-86.4333,30.0,76,20,0.45,few clouds,2021-06-06 23:11:10
333,Terra Santa,BR,-2.1042,-56.4869,27.25,67,95,1.13,overcast clouds,2021-06-06 23:11:11
334,Tucuman,AR,-26.8241,-65.2226,15.0,72,96,0.79,overcast clouds,2021-06-06 23:10:19
335,Sinazongwe,ZM,-17.2614,27.4618,15.44,61,100,2.02,overcast clouds,2021-06-06 23:11:13
336,Ca Mau,VN,9.1769,105.15,26.5,84,99,2.74,overcast clouds,2021-06-06 23:11:15
337,Arlit,NE,18.7369,7.3853,33.81,13,54,4.68,broken clouds,2021-06-06 23:11:16
338,Watsa,CD,3.0372,29.5355,16.22,96,68,1.18,broken clouds,2021-06-06 23:07:54
339,Bubaque,GW,11.2833,-15.8333,26.29,86,35,6.65,scattered clouds,2021-06-06 23:11:18
340,Alyangula,AU,-13.8483,136.4192,24.89,73,49,4.7,scattered clouds,2021-06-06 23:11:20
341,Waddan,LY,29.1614,16.139,26.52,22,0,4.6,clear sky,2021-06-06 23:11:21
342,Santa Lucia,ES,27.9117,-15.5407,15.62,73,75,5.15,broken clouds,2021-06-06 23:11:22
343,Fort Nelson,CA,58.8053,-122.7002,12.89,54,100,4.76,overcast clouds,2021-06-06 23:11:23
344,Ayr,GB,55.4627,-4.6339,10.73,87,0,1.54,clear sky,2021-06-06 23:11:25
345,Cabo San Lucas,MX,22.8909,-109.9124,38.06,39,1,4.12,clear sky,2021-06-06 23:11:00
346,Daru,PG,-9.0763,143.2092,25.22,89,98,7.79,overcast clouds,2021-06-06 23:11:27
347,Tabas,IR,33.5959,56.9244,33.57,11,0,2.41,clear sky,2021-06-06 23:11:29
348,Ponta Delgada,PT,37.7333,-25.6667,18.4,88,20,3.09,few clouds,2021-06-06 23:11:30
349,Amapa,BR,1.0,-52.0,22.52,97,93,0.98,overcast clouds,2021-06-06 23:11:31
350,Kilinochchi,LK,9.3961,80.3982,26.89,82,96,6.35,overcast clouds,2021-06-06 23:11:33
351,Oranjemund,NA,-28.55,16.4333,19.15,33,0,4.62,clear sky,2021-06-06 23:11:34
352,Qiqihar,CN,47.3408,123.9672,19.17,48,0,2.66,clear sky,2021-06-06 23:11:35
353,Ha Giang,VN,22.8333,104.9833,24.76,98,88,0.2,overcast clouds,2021-06-06 23:11:36
354,Ransang,PH,8.9603,117.5828,27.44,83,100,2.23,overcast clouds,2021-06-06 23:11:38
355,Egvekinot,RU,66.3167,-179.1667,3.61,59,8,0.54,clear sky,2021-06-06 23:11:39
356,Brownsville,US,25.9018,-97.4975,33.06,65,1,3.13,clear sky,2021-06-06 23:09:18
357,Korla,CN,41.7597,86.1469,21.37,39,39,4.25,scattered clouds,2021-06-06 23:11:41
358,Komsomolskiy,UZ,40.4272,71.7189,26.68,49,77,0.83,broken clouds,2021-06-06 23:11:43
359,Russell,US,32.3502,-85.1999,30.84,83,75,1.9,broken clouds,2021-06-06 23:11:44
360,Lazaro Cardenas,MX,17.9583,-102.2,30.8,61,89,5.66,overcast clouds,2021-06-06 23:11:45
361,Atambua,ID,-9.1061,124.8925,22.14,75,33,2.02,scattered clouds,2021-06-06 23:11:47
362,Simao,CN,22.7886,100.9748,18.45,98,80,0.8,broken clouds,2021-06-06 23:11:48
363,Buin,CL,-33.7333,-70.75,17.08,55,100,1.25,overcast clouds,2021-06-06 23:11:49
364,Las Vegas,US,36.175,-115.1372,41.22,9,1,7.72,clear sky,2021-06-06 23:07:03
365,Upington,ZA,-28.4478,21.2561,9.92,42,0,5.58,clear sky,2021-06-06 23:11:53
366,Jishou,CN,28.3167,109.7167,23.64,85,85,0.61,overcast clouds,2021-06-06 23:11:54
367,Obihiro,JP,42.9172,143.2044,17.67,66,83,3.44,broken clouds,2021-06-06 23:11:55
368,Otavi,NA,-19.65,17.3333,11.4,44,0,4.26,clear sky,2021-06-06 23:11:57
369,Karpogory,RU,64.0019,44.4451,3.04,65,28,3.36,scattered clouds,2021-06-06 23:11:58
370,Ampanihy,MG,-24.7,44.75,15.54,79,0,6.02,clear sky,2021-06-06 23:11:59
371,Riviere-Pilote,MQ,14.4775,-60.9035,25.62,83,0,7.01,clear sky,2021-06-06 23:12:00
372,Petropavlovsk-Kamchatskiy,RU,53.0452,158.6483,6.33,100,90,1.73,light rain,2021-06-06 23:12:02
373,Fukue,JP,32.6881,128.8419,21.18,77,100,2.82,overcast clouds,2021-06-06 23:12:03
374,Natal,BR,-5.795,-35.2094,24.36,88,75,4.32,broken clouds,2021-06-06 23:08:13
375,Tromso,NO,69.6496,18.957,9.01,57,0,3.09,clear sky,2021-06-06 23:12:06
376,Ostrovnoy,RU,68.0531,39.5131,3.31,93,7,2.92,clear sky,2021-06-06 23:10:58
377,Mecca,SA,21.4267,39.8261,29.75,55,23,1.59,few clouds,2021-06-06 23:12:08
378,Paracuaro,MX,20.15,-100.7667,21.25,30,97,1.53,overcast clouds,2021-06-06 23:12:09
379,Kayes,ML,14.0,-11.0,34.43,29,41,2.87,scattered clouds,2021-06-06 23:12:11
380,Shvartsevskiy,RU,54.0961,37.9917,11.16,97,65,3.02,broken clouds,2021-06-06 23:12:13
381,Payson,US,40.0444,-111.7321,34.39,12,40,2.24,scattered clouds,2021-06-06 23:12:14
382,Belyy Yar,RU,53.6039,91.3903,8.94,87,0,2.11,clear sky,2021-06-06 23:12:16
383,Liyang,CN,29.7057,118.2862,21.81,77,93,0.38,overcast clouds,2021-06-06 23:12:17
384,Road Town,VG,18.4167,-64.6167,27.05,78,40,5.14,scattered clouds,2021-06-06 23:07:34
385,El Cope,PA,8.6167,-80.6,24.36,76,64,2.75,broken clouds,2021-06-06 23:12:19
386,Ixtapa,MX,20.7,-105.2,29.57,70,40,5.14,scattered clouds,2021-06-06 23:12:21
387,Tual,ID,-5.6667,132.75,27.37,78,100,6.45,overcast clouds,2021-06-06 23:12:22
388,Bartica,GY,6.4,-58.6167,26.18,94,77,2.03,broken clouds,2021-06-06 23:12:23
389,Comodoro Rivadavia,AR,-45.8667,-67.5,10.92,46,0,6.69,clear sky,2021-06-06 23:10:45
390,Mbandaka,CD,0.0487,18.2603,20.52,98,97,2.15,overcast clouds,2021-06-06 23:12:26
391,Tecozautla,MX,20.5333,-99.6333,29.31,33,95,4.49,overcast clouds,2021-06-06 23:12:27
392,Slave Lake,CA,55.2834,-114.769,16.18,34,100,3.78,overcast clouds,2021-06-06 23:12:28
393,Wundanyi,KE,-3.4019,38.364,13.92,92,22,2.47,few clouds,2021-06-06 23:12:30
394,Bibiani,GH,6.4635,-2.3194,22.52,96,20,1.24,few clouds,2021-06-06 23:12:31
395,Aragarcas,BR,-15.8975,-52.2508,23.82,53,100,0.55,overcast clouds,2021-06-06 23:12:32
396,Tynda,RU,55.1667,124.7167,20.84,45,45,1.54,scattered clouds,2021-06-06 23:12:33
397,Vanderhoof,CA,54.0166,-124.0198,16.04,32,99,1.7,overcast clouds,2021-06-06 23:12:35
398,Namatanai,PG,-3.6667,152.4333,27.78,77,95,1.22,moderate rain,2021-06-06 23:12:36
399,Lomovka,RU,53.9194,58.3672,8.51,72,54,0.79,broken clouds,2021-06-06 23:12:37
400,Bireun,ID,5.203,96.7009,24.32,74,100,2.32,overcast clouds,2021-06-06 23:12:39
401,Iquitos,PE,-3.7481,-73.2472,28.02,78,20,1.03,few clouds,2021-06-06 23:12:40
402,Buraydah,SA,26.326,43.975,31.09,11,6,4.87,clear sky,2021-06-06 23:12:42
403,Sistranda,NO,63.7256,8.834,12.72,94,53,5.68,broken clouds,2021-06-06 23:12:46
404,Vila Velha,BR,-20.3297,-40.2925,22.97,90,0,0.45,clear sky,2021-06-06 23:12:47
405,Linxia,CN,35.6003,103.2064,14.1,68,100,0.88,overcast clouds,2021-06-06 23:12:49
406,Skjervoy,NO,70.0311,20.9714,8.49,65,45,1.26,scattered clouds,2021-06-06 23:12:50
407,Tianpeng,CN,30.9866,103.9393,25.35,51,100,1.09,overcast clouds,2021-06-06 23:12:51
408,Vilhena,BR,-12.7406,-60.1458,24.19,61,100,1.18,moderate rain,2021-06-06 23:08:30
409,Elban,RU,50.1018,136.5094,13.03,93,100,0.83,overcast clouds,2021-06-06 23:12:54
410,Baculin,PH,7.4525,126.5842,25.96,84,99,1.36,overcast clouds,2021-06-06 23:12:55
411,Ruston,US,32.5232,-92.6379,27.9,65,75,0.0,broken clouds,2021-06-06 23:09:18
412,Olinda,BR,-8.0089,-34.8553,25.85,69,40,5.03,scattered clouds,2021-06-06 23:12:57
413,Rorvik,NO,64.8621,11.2373,11.59,93,100,3.18,overcast clouds,2021-06-06 23:13:00
414,Dhidhdhoo,MV,6.8833,73.1,27.81,79,100,6.75,overcast clouds,2021-06-06 23:13:01
415,Hovd,MN,48.0056,91.6419,7.82,45,3,1.52,clear sky,2021-06-06 23:13:03
416,Quelimane,MZ,-17.8786,36.8883,17.97,94,20,1.54,few clouds,2021-06-06 23:12:24
417,Porbandar,IN,21.6422,69.6093,29.26,67,5,4.83,clear sky,2021-06-06 23:13:06
418,Nikolayevka,RU,53.1257,47.2041,13.14,94,81,0.37,broken clouds,2021-06-06 23:13:07
419,Ayagoz,KZ,47.9714,80.4392,8.37,68,30,4.08,scattered clouds,2021-06-06 23:13:08
420,Ihosy,MG,-22.4,46.1167,14.24,87,89,7.4,overcast clouds,2021-06-06 23:13:10
421,Borovskoy,KZ,53.8,64.15,14.18,42,84,1.41,broken clouds,2021-06-06 23:13:11
422,Brae,GB,60.3964,-1.353,8.95,83,41,1.54,scattered clouds,2021-06-06 23:13:12
423,Parksville,CA,49.3163,-124.3195,11.66,91,100,4.75,overcast clouds,2021-06-06 23:11:19
424,Tahoua,NE,14.8888,5.2692,26.35,61,67,9.24,broken clouds,2021-06-06 23:13:15
425,Lokosovo,RU,61.1333,74.8167,5.12,61,31,1.45,scattered clouds,2021-06-06 23:13:16
426,Maniitsoq,GL,65.4167,-52.9,4.58,90,100,3.66,overcast clouds,2021-06-06 23:13:17
427,Itatskiy,RU,56.07,89.0369,12.48,92,100,5.28,overcast clouds,2021-06-06 23:13:18
428,Raudeberg,NO,61.9875,5.1352,11.37,95,8,3.21,clear sky,2021-06-06 23:13:20
429,Phonhong,LA,18.5007,102.4166,24.1,97,100,1.28,light rain,2021-06-06 23:13:21
430,Mercedes,AR,-34.6515,-59.4307,11.59,68,99,3.21,overcast clouds,2021-06-06 23:13:22
431,Laem Sing,TH,12.4816,102.0738,28.36,99,100,5.94,moderate rain,2021-06-06 23:13:24
432,Chapada Dos Guimaraes,BR,-15.4606,-55.7497,23.81,45,85,2.58,overcast clouds,2021-06-06 23:13:26
433,Ossora,RU,59.2353,163.0719,4.7,94,100,2.54,overcast clouds,2021-06-06 23:13:27
434,Xiaoweizhai,CN,26.1903,107.5125,19.89,80,42,0.83,scattered clouds,2021-06-06 23:13:29
435,Kyzyl-Suu,KG,42.3414,78.0056,13.77,62,100,3.05,overcast clouds,2021-06-06 23:13:30
436,Nova Olimpia,BR,-14.7972,-57.2881,27.88,42,97,1.34,overcast clouds,2021-06-06 23:13:31
437,Schwedt,DE,53.0596,14.2815,16.24,75,7,2.48,clear sky,2021-06-06 23:13:32
438,Aden,YE,12.7794,45.0367,32.06,63,7,6.54,clear sky,2021-06-06 23:13:34
439,Yulara,AU,-25.2406,130.9889,7.91,66,37,2.06,scattered clouds,2021-06-06 23:13:35
440,Tari,NG,12.4086,4.4914,27.09,64,100,5.18,light rain,2021-06-06 23:13:36
441,Cobija,BO,-11.0267,-68.7692,27.51,58,96,0.85,light rain,2021-06-06 23:13:38
442,Ati,TD,13.2154,18.3353,33.91,28,55,1.26,broken clouds,2021-06-06 23:13:39
443,Salta,AR,-24.7859,-65.4117,13.65,86,96,1.79,overcast clouds,2021-06-06 23:09:14
444,Ilulissat,GL,69.2167,-51.1,3.01,93,20,2.06,few clouds,2021-06-06 23:13:42
445,Anloga,GH,5.7947,0.8973,27.32,80,13,6.08,few clouds,2021-06-06 23:13:43
446,Dingzhou,CN,38.5131,114.9956,24.06,29,93,6.36,light rain,2021-06-06 23:13:44
447,Sao Joao Da Barra,BR,-21.6403,-41.0511,23.52,85,100,6.18,light rain,2021-06-06 23:13:46
448,Manggar,ID,-2.8833,108.2667,27.69,77,80,4.41,broken clouds,2021-06-06 23:13:47
449,Izmir,TR,38.4622,27.0923,19.73,52,0,0.26,clear sky,2021-06-06 23:13:48
450,Ornskoldsvik,SE,63.2909,18.7153,14.9,93,82,1.31,broken clouds,2021-06-06 23:13:50
451,Calatayud,ES,41.3535,-1.6432,19.32,59,0,1.15,clear sky,2021-06-06 23:13:51
452,Bardiyah,LY,31.7561,25.0865,20.8,76,1,4.33,clear sky,2021-06-06 23:13:52
453,Fria,GN,10.4167,-13.5833,25.14,89,96,1.07,overcast clouds,2021-06-06 23:13:54
454,Wellington,NZ,-41.2866,174.7756,15.46,90,90,0.45,overcast clouds,2021-06-06 23:11:24
455,Lata,PT,40.1629,-8.3327,15.45,93,0,0.66,clear sky,2021-06-06 23:13:56
456,Palimbang,PH,6.2106,124.1894,27.6,70,88,0.99,overcast clouds,2021-06-06 23:13:57
457,Viedma,AR,-40.8135,-62.9967,9.93,44,98,5.08,overcast clouds,2021-06-06 23:11:19
458,Hamilton,US,39.1834,-84.5333,28.66,61,20,3.82,few clouds,2021-06-06 23:14:00
459,Sitka,US,57.0531,-135.33,11.94,71,75,2.06,light rain,2021-06-06 23:14:01
460,Mackay,AU,-21.15,149.2,19.47,77,90,6.27,overcast clouds,2021-06-06 23:13:50
461,Port Moresby,PG,-9.4431,147.1797,24.86,87,100,2.36,overcast clouds,2021-06-06 23:14:03
462,Talara,PE,-4.5772,-81.2719,19.97,82,68,7.09,broken clouds,2021-06-06 23:14:05
463,Yining,CN,29.0361,114.5636,21.96,77,100,0.83,overcast clouds,2021-06-06 23:14:07
464,Moville,US,42.4889,-96.0725,31.64,60,60,6.53,broken clouds,2021-06-06 23:14:08
465,Muros,ES,42.7762,-9.0603,15.61,81,48,4.61,scattered clouds,2021-06-06 23:14:10
466,Taseyevo,RU,57.2169,94.8978,13.35,80,93,5.13,overcast clouds,2021-06-06 23:14:11
467,Cayenne,GF,4.9333,-52.3333,26.16,87,0,2.45,clear sky,2021-06-06 23:11:33
468,Lhokseumawe,ID,5.1801,97.1507,24.18,86,100,2.36,overcast clouds,2021-06-06 23:14:13
469,Lloydminster,CA,53.2835,-110.0016,17.85,42,50,6.35,scattered clouds,2021-06-06 23:14:15
470,Laguna,US,38.421,-121.4238,35.81,28,1,2.68,clear sky,2021-06-06 23:14:16
471,Pacific Grove,US,36.6177,-121.9166,26.68,70,1,0.89,clear sky,2021-06-06 23:14:17
472,Harper,LR,4.375,-7.7169,25.59,88,100,5.29,light rain,2021-06-06 23:14:18
473,Caravelas,BR,-17.7125,-39.2481,22.56,86,9,2.2,clear sky,2021-06-06 23:14:20
474,Inongo,CD,-1.95,18.2667,20.4,97,100,3.8,overcast clouds,2021-06-06 23:14:21
475,Kushima,JP,31.4583,131.2333,21.73,84,100,1.06,overcast clouds,2021-06-06 23:14:22
476,Murray Bridge,AU,-35.1167,139.2667,15.47,52,99,8.39,overcast clouds,2021-06-06 23:14:24
477,Jalpaiguri,IN,26.5167,88.7333,24.01,96,11,3.13,light rain,2021-06-06 23:14:25
478,Mattru,SL,7.6244,-11.8332,24.52,97,85,1.73,overcast clouds,2021-06-06 23:14:26
479,Hualmay,PE,-11.0964,-77.6139,18.29,83,31,4.78,scattered clouds,2021-06-06 23:14:27
480,San Cristobal,VE,7.7669,-72.225,19.58,98,100,1.16,overcast clouds,2021-06-06 23:14:29
481,Adrar,MR,20.5022,-10.0711,35.02,13,71,8.36,broken clouds,2021-06-06 23:14:30
482,Boende,CD,-0.2167,20.8667,21.25,98,100,0.71,overcast clouds,2021-06-06 23:14:31
483,Uige,AO,-7.6087,15.0613,18.99,51,96,1.13,overcast clouds,2021-06-06 23:14:33
484,Muzhi,RU,65.3667,64.6667,3.31,64,6,2.48,clear sky,2021-06-06 23:14:34
485,Mayo,US,38.8876,-76.5119,32.97,63,1,5.42,clear sky,2021-06-06 23:13:30
486,Berezovyy,RU,51.6667,135.7,13.37,86,99,0.6,overcast clouds,2021-06-06 23:14:36
487,Smidovich,RU,48.6,133.8167,18.63,64,48,2.45,scattered clouds,2021-06-06 23:14:38
488,Shumikha,RU,55.2261,63.2961,12.21,63,21,2.61,few clouds,2021-06-06 23:14:39
489,Chokwe,MZ,-24.5333,32.9833,15.98,88,64,2.35,broken clouds,2021-06-06 23:14:40
490,Doka,SD,13.5167,35.7667,29.92,47,100,7.54,overcast clouds,2021-06-06 23:14:41
491,Okhotsk,RU,59.3833,143.3,6.93,83,100,1.24,overcast clouds,2021-06-06 23:14:43
492,Tiznit,MA,29.5833,-9.5,20.68,63,100,0.61,overcast clouds,2021-06-06 23:14:44
493,Zhashkiv,UA,49.2454,30.1102,11.78,92,33,3.23,scattered clouds,2021-06-06 23:14:45
494,Srikakulam,IN,18.3,83.9,29.49,75,96,5.19,overcast clouds,2021-06-06 23:14:47
495,Baruun-Urt,MN,46.6806,113.2792,19.31,45,100,5.29,overcast clouds,2021-06-06 23:14:49
496,Merauke,ID,-8.4667,140.3333,24.72,90,99,6.1,overcast clouds,2021-06-06 23:14:50
497,Catuday,PH,16.2923,119.8062,26.89,81,97,4.72,overcast clouds,2021-06-06 23:14:53
498,Belluno,IT,46.145,12.2214,18.14,91,87,0.89,overcast clouds,2021-06-06 23:14:54
499,Thunder Bay,CA,48.4001,-89.3168,30.55,65,29,6.16,scattered clouds,2021-06-06 23:14:55
500,Jizan,SA,17.3333,42.6667,29.93,64,0,1.47,clear sky,2021-06-06 23:14:57
501,Black River,JM,18.0264,-77.8487,29.0,67,31,5.31,scattered clouds,2021-06-06 23:14:58
502,Tyrma,RU,50.0833,132.1667,17.8,54,40,2.19,scattered clouds,2021-06-06 23:14:59
503,Aswan,EG,24.0934,32.907,28.76,16,3,5.97,clear sky,2021-06-06 23:15:01
504,Grindavik,IS,63.8424,-22.4338,9.26,93,75,6.95,broken clouds,2021-06-06 23:14:35
505,Dinguiraye,GN,11.3,-10.7167,26.11,55,36,0.62,scattered clouds,2021-06-06 23:15:04
506,Port-Gentil,GA,-0.7193,8.7815,25.66,88,67,3.57,broken clouds,2021-06-06 23:15:05
507,Tazovskiy,RU,67.4667,78.7,0.05,86,94,4.03,overcast clouds,2021-06-06 23:15:06
508,Petropavlovka,RU,50.6114,105.3196,8.21,81,100,2.05,overcast clouds,2021-06-06 23:15:08
509,Pundaguitan,PH,6.3711,126.1689,27.87,79,100,3.82,overcast clouds,2021-06-06 23:13:26
510,Sturgeon Bay,US,44.8342,-87.377,30.98,53,1,7.72,clear sky,2021-06-06 23:15:10
511,Birjand,IR,32.8663,59.2211,24.26,22,0,3.09,clear sky,2021-06-06 23:15:11
512,Vao,NC,-22.6667,167.4833,21.17,65,99,7.31,overcast clouds,2021-06-06 23:13:04
513,Flinders,AU,-34.5833,150.8552,15.59,72,89,2.52,overcast clouds,2021-06-06 23:13:33
514,Araouane,ML,18.9048,-3.5265,36.09,19,61,3.03,broken clouds,2021-06-06 23:15:15
515,Graaff-Reinet,ZA,-32.2522,24.5308,10.7,31,0,4.5,clear sky,2021-06-06 23:15:16
516,Bilibino,RU,68.0546,166.4372,19.39,39,6,2.94,clear sky,2021-06-06 23:15:17
517,Kloulklubed,PW,7.0419,134.2556,25.28,81,100,3.14,moderate rain,2021-06-06 23:13:20
518,Northam,GB,51.0333,-4.2167,13.5,93,17,1.84,few clouds,2021-06-06 23:15:23
519,Sawakin,SD,19.1059,37.3321,28.07,64,26,3.77,scattered clouds,2021-06-06 23:15:24
520,Arbagar,RU,51.9438,116.2805,19.03,39,22,1.58,few clouds,2021-06-06 23:15:26
521,Birin,NP,26.8865,88.0718,16.31,86,7,2.13,clear sky,2021-06-06 23:15:27
522,Tezu,IN,27.9167,96.1667,22.62,98,100,1.26,overcast clouds,2021-06-06 23:15:28
523,Porto Walter,BR,-8.2686,-72.7439,24.74,87,98,0.73,overcast clouds,2021-06-06 23:15:30
524,Baghdad,IQ,33.3406,44.4009,25.95,27,0,6.75,clear sky,2021-06-06 23:13:04
525,Mandalgovi,MN,45.7625,106.2708,7.08,75,5,8.8,clear sky,2021-06-06 23:15:32
526,Sao Filipe,CV,14.8961,-24.4956,23.68,71,36,5.05,scattered clouds,2021-06-06 23:15:33
527,Kedougou,SN,12.5579,-12.1743,33.13,37,57,2.85,broken clouds,2021-06-06 23:15:35
528,Ongandjera,NA,-17.8833,15.0667,15.59,39,2,3.66,clear sky,2021-06-06 23:15:36
529,Lake Havasu City,US,34.4839,-114.3224,40.14,4,1,3.13,clear sky,2021-06-06 23:12:42
530,Wanning,CN,18.8003,110.3967,26.19,91,30,1.45,heavy intensity rain,2021-06-06 23:15:38
531,Teguldet,RU,57.3064,88.1667,12.69,96,100,4.09,light rain,2021-06-06 23:15:40
532,Aksarka,RU,66.5606,67.7975,1.78,66,13,1.11,few clouds,2021-06-06 23:15:41
533,Wyndham,US,37.6985,-77.6125,32.19,55,75,1.03,broken clouds,2021-06-06 23:13:00
534,Ledec,CZ,49.9745,15.5937,17.15,79,0,1.19,clear sky,2021-06-06 23:15:44
535,Port-Cartier,CA,50.0334,-66.8654,15.12,62,61,3.06,broken clouds,2021-06-06 23:15:46
536,Lima,PE,-12.0432,-77.0282,18.28,81,90,3.09,overcast clouds,2021-06-06 23:11:32
537,Alice Town,BS,25.7167,-79.3,26.64,82,97,9.0,overcast clouds,2021-06-06 23:15:48
538,Saint-Ambroise,CA,48.5501,-71.3324,23.83,63,34,1.95,scattered clouds,2021-06-06 23:15:49
539,Aklavik,CA,68.2191,-135.0107,10.65,38,12,3.86,few clouds,2021-06-06 23:12:40
540,Sokolo,ML,14.7328,-6.1219,36.03,23,36,5.22,scattered clouds,2021-06-06 23:15:53
541,Saint-Georges,GD,12.0564,-61.7485,26.82,83,20,5.66,few clouds,2021-06-06 23:15:54
542,High Prairie,CA,55.4334,-116.4858,18.61,46,18,5.54,few clouds,2021-06-06 23:15:55
543,Rognan,NO,67.0953,15.3878,14.86,71,100,0.33,overcast clouds,2021-06-06 23:13:21
544,Tonj,SS,7.2737,28.6822,22.63,89,34,1.8,moderate rain,2021-06-06 23:15:58
545,Wuwei,CN,37.9281,102.6414,16.61,51,90,1.74,overcast clouds,2021-06-06 23:15:59
546,Suoyarvi,RU,62.0833,32.35,11.16,72,90,3.68,overcast clouds,2021-06-06 23:16:00
547,Tena,EC,-0.9833,-77.8167,21.95,96,93,0.51,light rain,2021-06-06 23:16:02
548,Tsumeb,NA,-19.2333,17.7167,8.75,45,0,4.61,clear sky,2021-06-06 23:16:03
549,Kerema,PG,-7.9631,145.7785,24.84,93,100,1.33,overcast clouds,2021-06-06 23:16:04
550,Garowe,SO,8.4054,48.4845,25.7,66,0,9.38,clear sky,2021-06-06 23:16:06
551,Vanimo,PG,-2.6741,141.3028,25.9,89,100,3.17,overcast clouds,2021-06-06 23:12:05
552,Haapsalu,EE,58.9431,23.5414,12.79,82,12,2.86,few clouds,2021-06-06 23:16:08
553,Bambanglipuro,ID,-7.95,110.2833,24.15,92,19,1.3,few clouds,2021-06-06 23:16:09
554,Diamantino,BR,-14.4086,-56.4461,25.76,49,74,1.89,broken clouds,2021-06-06 23:11:36
555,Pierre,US,44.3683,-100.351,31.51,52,1,3.13,clear sky,2021-06-06 23:16:10
556,Magdalena,PH,14.1999,121.429,29.62,88,100,0.22,overcast clouds,2021-06-06 23:16:13
557,Kimbe,PG,-5.5502,150.1429,27.7,76,83,0.39,broken clouds,2021-06-06 23:16:14
558,Bud,US,39.447,-86.1758,27.97,86,100,5.14,moderate rain,2021-06-06 23:16:15
559,Chicama,PE,-7.8447,-79.1469,18.3,78,87,1.97,overcast clouds,2021-06-06 23:16:17
560,Umea,SE,63.8284,20.2597,12.17,93,0,1.03,clear sky,2021-06-06 23:16:18
561,Atikokan,CA,48.7555,-91.6216,26.56,60,57,6.52,broken clouds,2021-06-06 23:16:19
562,Beruwala,LK,6.4788,79.9828,26.6,84,98,3.89,overcast clouds,2021-06-06 23:16:21
563,Udachnyy,RU,66.4167,112.4,6.33,63,82,10.45,broken clouds,2021-06-06 23:16:22
564,Bereda,ES,43.2686,-7.5406,13.29,100,70,1.55,broken clouds,2021-06-06 23:14:12
565,Tashtyp,RU,52.7939,89.8983,7.14,93,48,1.56,scattered clouds,2021-06-06 23:16:25
566,Yibin,CN,28.7667,104.6238,24.33,71,100,1.43,overcast clouds,2021-06-06 23:14:06
567,Yumen,CN,40.2833,97.2,14.82,19,70,5.12,broken clouds,2021-06-06 23:14:04
568,Porto Novo,BJ,6.4965,2.6036,27.9,82,86,3.08,overcast clouds,2021-06-06 23:16:29
569,San Jeronimo,PE,-11.9472,-75.2829,11.21,71,59,1.57,broken clouds,2021-06-06 23:16:30
570,Andenes,NO,69.3143,16.1194,14.15,71,90,2.06,overcast clouds,2021-06-06 23:11:41
571,Ames,US,42.0347,-93.6199,29.14,53,90,5.66,overcast clouds,2021-06-06 23:14:42
572,Gornopravdinsk,RU,60.05,69.9,10.56,93,92,2.91,overcast clouds,2021-06-06 23:16:35
573,Kudahuvadhoo,MV,2.6708,72.8944,28.28,75,45,6.62,scattered clouds,2021-06-06 23:16:36
574,Goulburn,AU,-34.75,149.7167,6.47,81,98,3.71,overcast clouds,2021-06-06 23:16:37
575,Ngunguru,NZ,-35.6167,174.5,15.65,93,100,14.91,moderate rain,2021-06-06 23:16:39
576,Pokhara,NP,28.2333,83.9833,23.85,61,66,1.84,broken clouds,2021-06-06 23:16:40
577,Havre-Saint-Pierre,CA,50.2334,-63.5986,12.2,58,1,6.69,clear sky,2021-06-06 23:16:41
578,Peniche,PT,39.3558,-9.3811,16.51,85,0,7.28,clear sky,2021-06-06 23:16:42
579,Dombarovskiy,RU,50.7587,59.5386,16.37,35,100,4.05,overcast clouds,2021-06-06 23:16:45
580,Montepuez,MZ,-13.1256,38.9997,15.84,80,14,3.35,few clouds,2021-06-06 23:14:32
581,Pestravka,RU,52.405,49.9583,15.42,70,57,1.67,broken clouds,2021-06-06 23:16:47
582,Nelson Bay,AU,-32.7167,152.15,12.84,77,28,2.56,scattered clouds,2021-06-06 23:16:48
583,Shitanjing,CN,39.2342,106.3439,19.13,49,92,4.72,overcast clouds,2021-06-06 23:16:50
584,Marsaxlokk,MT,35.8419,14.5431,21.16,94,0,2.06,clear sky,2021-06-06 23:16:51
585,Winnemucca,US,40.973,-117.7357,32.03,8,1,7.88,clear sky,2021-06-06 23:16:52
586,San Juan,AR,-31.5375,-68.5364,19.29,52,0,4.01,clear sky,2021-06-06 23:15:29
587,Okha,RU,53.5739,142.9478,2.96,96,100,6.06,overcast clouds,2021-06-06 23:16:55
588,Borazjan,IR,29.2666,51.2159,36.07,11,0,0.76,clear sky,2021-06-06 23:16:56
589,Gigmoto,PH,13.7796,124.39,27.93,80,100,1.19,overcast clouds,2021-06-06 23:16:57
590,Santa Cruz Do Rio Pardo,BR,-22.8989,-49.6325,20.25,54,77,2.28,broken clouds,2021-06-06 23:16:59
591,Cayeli,TR,41.0923,40.7292,15.12,69,4,2.5,clear sky,2021-06-06 23:17:00
592,Muravlenko,RU,63.7898,74.523,3.46,63,8,2.62,clear sky,2021-06-06 23:17:01
593,Rio Grande,BR,-32.035,-52.0986,10.06,71,100,4.79,overcast clouds,2021-06-06 23:17:02
594,Rajauri,IN,33.3833,74.3,23.46,58,1,2.85,clear sky,2021-06-06 23:17:04
595,Hofn,IS,64.2539,-15.2082,8.33,98,95,5.7,moderate rain,2021-06-06 23:17:05
596,Kaabong,UG,3.4836,34.1492,19.0,57,24,3.46,few clouds,2021-06-06 23:17:06
597,Mombetsu,JP,44.3525,143.3525,15.44,70,100,3.97,overcast clouds,2021-06-06 23:17:08
598,Rocha,UY,-34.4833,-54.3333,7.91,91,43,1.69,scattered clouds,2021-06-06 23:17:09
599,Shingu,JP,33.7333,135.9833,21.55,80,100,0.3,overcast clouds,2021-06-06 23:17:10
600,Jingdezhen,CN,29.2947,117.2079,21.79,78,85,1.18,light rain,2021-06-06 23:17:12
601,Namibe,AO,-15.1961,12.1522,23.41,50,41,4.14,scattered clouds,2021-06-06 23:13:48
602,Kolosovka,RU,56.4678,73.611,11.59,77,27,3.36,scattered clouds,2021-06-06 23:17:14
603,Huarmey,PE,-10.0681,-78.1522,19.08,81,96,3.76,overcast clouds,2021-06-06 23:17:15
604,Monster,NL,52.0258,4.175,14.43,85,8,0.45,clear sky,2021-06-06 23:17:17
605,Pevek,RU,69.7008,170.3133,9.06,66,29,5.86,scattered clouds,2021-06-06 23:14:01
606,Bathsheba,BB,13.2167,-59.5167,27.34,65,20,9.33,few clouds,2021-06-06 23:17:19
607,Dandong,CN,40.1292,124.3947,18.52,77,1,1.49,clear sky,2021-06-06 23:17:20
608,Kuala Sungai Baru,MY,2.3594,102.0353,25.08,81,54,0.67,light rain,2021-06-06 23:17:22
609,Zhigansk,RU,66.7697,123.3711,11.36,40,100,5.42,overcast clouds,2021-06-06 23:17:23
610,Chancay,PE,-11.5714,-77.2672,19.07,86,31,3.73,scattered clouds,2021-06-06 23:17:24
611,Lazarev,RU,52.225,141.5131,4.36,90,100,4.48,overcast clouds,2021-06-06 23:17:25
612,Parsons,US,37.3403,-95.2611,28.16,73,91,4.9,overcast clouds,2021-06-06 23:17:27
613,Goderich,CA,43.7501,-81.7165,30.02,41,27,7.72,scattered clouds,2021-06-06 23:17:28
614,Sorong,ID,-0.8833,131.25,26.23,85,98,2.9,overcast clouds,2021-06-06 23:17:29
615,Tarakan,ID,3.3,117.6333,25.72,94,20,2.06,few clouds,2021-06-06 23:17:31
616,Vila,PT,42.0304,-8.1588,13.75,83,19,1.71,few clouds,2021-06-06 23:15:48
617,Byron Bay,AU,-28.65,153.6167,17.97,75,11,2.64,few clouds,2021-06-06 23:15:46
618,Den Helder,NL,52.9599,4.7593,13.99,81,11,1.34,few clouds,2021-06-06 23:17:34
619,Urucara,BR,-2.5364,-57.76,27.09,70,88,0.98,overcast clouds,2021-06-06 23:17:35
620,Jiuquan,CN,39.7432,98.5174,15.27,22,5,2.19,clear sky,2021-06-06 23:17:37
621,Orange Cove,US,36.6244,-119.3137,37.6,9,24,3.3,few clouds,2021-06-06 23:17:38
622,Baherden,TM,38.4362,57.4316,25.48,44,0,3.37,clear sky,2021-06-06 23:17:39
623,Kamina,CD,-8.7386,24.9906,16.9,66,36,1.69,scattered clouds,2021-06-06 23:17:41
624,Fomboni,KM,-12.28,43.7425,26.28,70,18,8.48,few clouds,2021-06-06 23:17:42
625,Cururupu,BR,-1.8283,-44.8683,22.99,97,24,1.44,few clouds,2021-06-06 23:17:43
626,Yuanping,CN,38.7153,112.7575,21.1,33,100,0.46,overcast clouds,2021-06-06 23:17:45
627,Presidente Prudente,BR,-22.1256,-51.3889,23.75,53,75,3.6,broken clouds,2021-06-06 23:17:47
628,Lasa,IT,46.6166,10.7002,14.79,94,99,1.46,overcast clouds,2021-06-06 23:14:56
629,Nyurba,RU,63.2842,118.3319,10.37,64,92,6.18,overcast clouds,2021-06-06 23:17:49
630,Xiongyue,CN,40.1774,122.1228,20.37,69,80,3.04,broken clouds,2021-06-06 23:17:51
631,Mutis,CO,6.2262,-77.4044,26.57,86,98,1.83,light rain,2021-06-06 23:17:52
632,Pitimbu,BR,-7.4706,-34.8086,24.33,84,35,5.18,scattered clouds,2021-06-06 23:17:53
633,Soddy-Daisy,US,35.2359,-85.1908,26.91,97,100,1.34,overcast clouds,2021-06-06 23:17:55
634,Priupskiy,RU,53.9096,37.736,10.95,97,73,2.97,broken clouds,2021-06-06 23:17:56
635,Durban,ZA,-29.8579,31.0292,15.57,87,0,3.13,clear sky,2021-06-06 23:15:11
636,Skegness,GB,53.1436,0.3363,13.65,94,18,3.17,few clouds,2021-06-06 23:17:58
637,Sambava,MG,-14.2667,50.1667,21.72,87,27,4.59,scattered clouds,2021-06-06 23:18:01
638,Dalbandin,PK,28.8947,64.4101,29.03,43,0,3.19,clear sky,2021-06-06 23:18:02
639,Ekibastuz,KZ,51.6667,75.3667,15.13,41,0,2.31,clear sky,2021-06-06 23:18:03
640,Pakdasht,IR,35.4752,51.6807,30.0,17,0,8.03,clear sky,2021-06-06 23:18:04
641,Naron,ES,43.5167,-8.1528,15.89,90,72,3.58,broken clouds,2021-06-06 23:18:06
642,Wasilla,US,61.5814,-149.4394,23.7,44,40,2.06,light rain,2021-06-06 23:13:36
643,Poronaysk,RU,49.2167,143.1167,12.61,70,67,2.86,broken clouds,2021-06-06 23:18:08
644,Tashtagol,RU,52.7657,87.8894,7.02,95,21,1.37,few clouds,2021-06-06 23:18:10
645,Maltahohe,NA,-24.8333,16.9833,9.45,41,0,4.22,clear sky,2021-06-06 23:18:11
646,Plock,PL,52.5468,19.7064,12.98,89,94,2.79,overcast clouds,2021-06-06 23:18:12
647,Atar,MR,20.5169,-13.0499,35.2,15,8,9.41,clear sky,2021-06-06 23:14:07
648,Zonguldak,TR,41.25,31.8333,9.3,75,8,2.52,clear sky,2021-06-06 23:18:14
649,Neryungri,RU,56.6709,124.6491,20.37,49,65,4.25,broken clouds,2021-06-06 23:18:16
650,Bonthe,SL,7.5264,-12.505,26.68,87,100,3.89,light rain,2021-06-06 23:14:16
651,Belaya Gora,RU,68.5333,146.4167,5.99,67,100,2.25,overcast clouds,2021-06-06 23:18:19
652,Marica,BR,-22.9194,-42.8186,24.95,80,100,1.1,overcast clouds,2021-06-06 23:18:22
653,Seoul,KR,37.5683,126.9778,21.23,73,75,2.63,broken clouds,2021-06-06 23:16:45
654,Coffs Harbour,AU,-30.3,153.1333,13.98,72,0,0.0,clear sky,2021-06-06 23:18:24
655,Altoona,US,40.5187,-78.3947,29.56,44,1,2.37,clear sky,2021-06-06 23:18:25
656,Uchiza,PE,-8.4592,-76.4633,22.16,97,100,0.81,overcast clouds,2021-06-06 23:18:27
657,Eureka,US,40.8021,-124.1637,20.93,66,68,3.13,broken clouds,2021-06-06 23:17:28
658,Sagua La Grande,CU,22.8067,-80.0756,28.55,74,81,6.7,broken clouds,2021-06-06 23:18:29
659,Biak,ID,-0.9131,122.8766,25.12,75,85,2.0,overcast clouds,2021-06-06 23:18:30
660,Papetoai,PF,-17.4961,-149.8729,29.77,72,81,4.66,broken clouds,2021-06-06 23:18:32
661,Kambove,CD,-10.8764,26.5969,13.27,67,98,2.42,overcast clouds,2021-06-06 23:18:33
662,Polyanka,UA,50.2584,27.6881,12.18,91,52,3.08,broken clouds,2021-06-06 23:18:34
663,Itarema,BR,-2.9248,-39.9167,25.22,86,26,3.65,scattered clouds,2021-06-06 23:18:36
664,Gazojak,TM,41.1875,61.4036,29.95,22,11,6.04,few clouds,2021-06-06 23:18:37
665,Portobelo,PA,9.55,-79.65,28.23,84,96,2.43,overcast clouds,2021-06-06 23:18:38
666,Cacapava Do Sul,BR,-30.5122,-53.4914,9.4,86,100,3.71,overcast clouds,2021-06-06 23:18:39
667,Poso,ID,-1.3959,120.7524,27.97,70,79,1.52,broken clouds,2021-06-06 23:18:41
668,Tautira,PF,-17.7333,-149.15,30.01,73,45,5.54,scattered clouds,2021-06-06 23:18:42
669,Praia Da Vitoria,PT,38.7333,-27.0667,18.75,94,20,1.89,few clouds,2021-06-06 23:18:43
670,Brisbane,AU,-27.4679,153.0281,17.14,78,75,2.24,broken clouds,2021-06-06 23:15:00
671,Lagunas,PE,-5.2269,-75.6753,23.64,99,93,1.15,overcast clouds,2021-06-06 23:18:46
672,Sangar,RU,63.9242,127.4739,6.81,94,100,1.43,light rain,2021-06-06 23:14:23
673,Mahajanga,MG,-15.7167,46.3167,23.01,83,20,1.03,few clouds,2021-06-06 23:18:48
674,Krutinka,RU,56.0055,71.5113,11.43,71,4,3.81,clear sky,2021-06-06 23:18:49
675,Sam Chuk,TH,14.7576,100.0899,27.7,74,100,3.85,moderate rain,2021-06-06 23:18:51
676,Cumana,VE,10.4635,-64.1775,28.05,85,71,5.25,broken clouds,2021-06-06 23:18:52
677,Susehri,TR,40.1644,38.0867,8.49,78,0,0.25,clear sky,2021-06-06 23:18:53
678,Jalu,LY,29.0331,21.5482,23.87,31,0,4.04,clear sky,2021-06-06 23:18:55
679,Mount Darwin,ZW,-16.7725,31.5838,9.4,85,48,1.28,scattered clouds,2021-06-06 23:18:56
680,Liverpool,GB,53.4106,-2.9779,15.63,81,40,1.62,scattered clouds,2021-06-06 23:17:18
681,Benguela,AO,-12.5763,13.4055,23.19,70,15,0.57,few clouds,2021-06-06 23:18:58
682,Aleksandrov Gay,RU,50.147,48.5704,16.4,77,46,3.12,scattered clouds,2021-06-06 23:18:59
683,Constitucion,CL,-35.3333,-72.4167,11.07,72,100,4.02,overcast clouds,2021-06-06 23:14:25
684,Port Blair,IN,11.6667,92.75,28.75,76,100,5.37,overcast clouds,2021-06-06 23:19:02
685,Tecoanapa,MX,16.5167,-98.75,30.83,67,46,5.37,scattered clouds,2021-06-06 23:19:03
686,New Kensington,US,40.5698,-79.7648,30.52,41,29,1.46,scattered clouds,2021-06-06 23:19:04
687,Shubarshi,KZ,48.5872,57.1869,18.13,51,100,3.48,overcast clouds,2021-06-06 23:19:06
688,Notse,TG,6.95,1.1667,23.6,92,30,1.63,scattered clouds,2021-06-06 23:19:07
689,Tubmanburg,LR,6.8708,-10.8172,23.99,97,90,1.33,light rain,2021-06-06 23:19:08
690,Hanumangarh,IN,29.5833,74.3167,33.99,33,0,3.81,clear sky,2021-06-06 23:19:11
691,Kiruna,SE,67.8557,20.2251,9.51,50,33,0.0,scattered clouds,2021-06-06 23:19:12
692,Dutse,NG,11.7594,9.3392,27.19,59,59,10.42,broken clouds,2021-06-06 23:19:13
693,Xalpatlahuac,MX,17.4667,-98.6167,23.09,66,100,2.45,overcast clouds,2021-06-06 23:19:15
694,Blytheville,US,35.9273,-89.919,25.98,71,75,4.92,broken clouds,2021-06-06 23:19:16
695,Zhangye,CN,38.9342,100.4517,16.22,46,44,1.08,scattered clouds,2021-06-06 23:19:17
696,Dhone,IN,15.4167,77.8833,26.49,72,43,5.18,scattered clouds,2021-06-06 23:19:19
697,Hagere Hiywet,ET,8.9833,37.85,15.36,71,80,1.28,broken clouds,2021-06-06 23:19:20
